text,valence,arousal
最近上課遇到很多問題，情緒低落,1.75,5.642857142857143
覺得需要多解釋,3.916666666666667,2.75
覺得今天上課的內容很豐富,6.75,3.0
老師的筆跡有點看不懂,3.0,2.0
觀念一直混亂，到最後都聽不懂,2.666666666666667,5.166666666666667
今天老師上課帶了一些生活中的例子，有比較好懂些,6.416666666666667,4.642857142857143
課堂上舉了很多例子，都滿生活化的很容易理解,6.666666666666667,2.083333333333333
老師講解詳細，容易明白,6.142857142857143,4.083333333333333
上的內容有些還是聽不太懂，需要多練習,3.583333333333333,2.666666666666667
不是很懂，希望幾堂課後可以正式步入軌道,4.5,3.714285714285714
今天所教的東西，我大部分都聽不太懂,3.083333333333333,3.083333333333333
很快就要期末考了，希望教授別出太難,4.583333333333333,4.75
上課很生動而且可以學到很多知識,7.428571428571429,3.333333333333333
今天比較了幾種用法，我有接觸過一些，所以比較能比較出差別,5.666666666666667,4.416666666666667
不好懂，很複雜困擾,3.416666666666667,3.333333333333333
最後給的意見就是看不出實用、沒有創意、太淺，實在令人太受傷了,1.5,6.7
老師也說得非常生動，使我獲益良多,7.428571428571429,4.642857142857143
由於今天的精神不繼，導致沒有聽到甚麼東西，覺得很可惜,2.916666666666667,4.357142857142857
今天所教的部分大致上都有辦法理解，同時也讓我知道了一些以前不知道的東西,6.571428571428571,4.285714285714286
感覺還有很多可以讓我們深入探究。,4.666666666666667,4.833333333333333
英文單字很不清楚，有點難以理解,3.125,4.0
雖然課本都是用原文，但課堂的講解都有讓我更了解一些,6.0,4.583333333333333
今天上課講的話題跟之前讀的有對應到，就不覺得生了，感覺真好。,7.357142857142857,6.333333333333333
對於作業我覺得有點困難，畢竟以前都沒碰過,3.416666666666667,3.642857142857143
老師講的棒棒，受益良多，我要加油,7.0,5.916666666666667
今天講的東西有些難懂，但經過講解後稍微解開了我一些困惑,5.166666666666667,4.583333333333333
今天上的我還可以追得上，一切都快要步入正軌,6.25,5.583333333333333
上得有點快，但是還蠻有趣的,6.0,6.0
分析得很清楚，很有幫助,7.357142857142857,3.75
上課速度跟不太上,2.857142857142857,3.583333333333333
好極速，我是說上課時間,4.083333333333333,4.714285714285714
今天精神不太好，有點想睡覺,3.583333333333333,2.285714285714286
之前有讀過一些，學到了不少,6.0,5.0
身體狀況不太好，很睏,2.5,2.25
今天講的東西很明確清晰,6.416666666666667,4.071428571428571
希望老師上課的時候可以多分享一些實作上的例子，讓大家稍微提振一下精神,5.25,3.857142857142857
往後在這個領域所花費的時間漸漸縮短，且比較清晰不會過於混亂,6.571428571428571,3.571428571428572
可能是還沒徹底了解，所以上課一知半解,3.0,4.0
真是的! 舊的都還沒學精，現在又要我們學新的，覺得好累,1.928571428571429,6.833333333333333
講得很清楚，圖也畫得很清楚明白，教的真的讚,8.083333333333334,6.928571428571429
稍微對課本所描寫的東西有多一層的認知,6.083333333333333,4.25
今天學到很多充實的小知識,6.083333333333333,3.0
今天老師用超快的速度噴完了這章，而且還勾了好多作業，一整個覺得可怕啊,1.916666666666667,7.6
今天上的課，真的是有點聽不懂啊，需要再好好地加油,3.916666666666667,4.357142857142857
今天課堂時間充實，但講解太快了,5.25,5.25
今天教的覺得有點複雜,3.666666666666667,4.25
老師積極的講課以及專業的知識，讓我大開眼界,7.75,8.0
今天學到了很多的東西，有良好的基礎才能有更好的學習,6.416666666666667,5.416666666666667
今天學習狀況不是很好，需要調整一下,3.416666666666667,3.75
我會盡量努力研讀，提升實力,6.6,4.333333333333333
語氣稍嫌平淡，會使人感到有些昏沉,2.666666666666667,2.25
課堂上的內容大部分都明白,5.5,2.5
目前還不是太熟，有些不是太懂，希望能解釋一下,4.333333333333333,3.214285714285714
我對這門課產生了極大的興致,8.071428571428571,8.083333333333334
經過老師實際例子的講解有比較清楚，練習後希望能更融會貫通,6.0,4.166666666666667
今天講到關於不要退選的事情，讓每個同學瞬間充滿了希望,6.916666666666667,7.5
考試範圍很大，不知道如何開始準備,3.25,3.583333333333333
雖然說課有點趕，有些東西還沒搞得太清楚，但也了解了一些基礎與原理,5.0,3.583333333333333
老師用了很多很有趣的例子來教我們,6.666666666666667,4.5
雖然老師說這些內容其實大同小異，但我都聽不太懂,2.7,4.833333333333333
今天的課讓我不由自主地打瞌睡，導致上課所講的東西沒有吸收到,2.75,3.0
上課內容大致了解，回去會再複習,5.714285714285714,2.416666666666667
今天上的部分我最有興趣的領域，聽老師提到幾個例子，覺得十分新穎,7.75,6.583333333333333
明天就要考試了，希望能及格,4.75,4.916666666666667
今天吸收了不少東西，感覺更加進步,7.071428571428571,6.083333333333333
今天不知道為什麼要趕課，一直跳投影片，都不知道重點在哪,1.75,7.083333333333333
講得很精彩,6.416666666666667,5.25
這次的課程講解特別生動活潑，讓我整堂課都精神飽滿。,7.928571428571429,7.5
今天的課程非常有意思，讓我收益頗多,6.75,5.0
今天課程內容講得很快,4.666666666666667,2.416666666666667
發現了我在課業上有著不小的進步空間，應該去爭取，我會繼續努力學好做好,6.214285714285714,6.083333333333333
有點不熟悉和了解，回家後要好好地複習和練習,4.571428571428571,3.583333333333333
今天教的方法很有用，雖然是很簡單的理論，但是真的能幫到不少忙,6.5,4.583333333333333
上到後來就沒有想上的感覺了,2.357142857142857,2.857142857142857
這次的課讓我學習很多,7.5,4.916666666666667
第一次遇到這種老師，雖然沒有說不好，可是感覺怪怪的,3.75,4.333333333333333
這麼多要學，感覺路太長了，然後學完這些也只是入門而已，未來到底還有多少東西要學呢,3.416666666666667,4.25
今天課程內容種類繁多，一開始真的讓人難以置信,3.571428571428572,6.333333333333333
我發現這個應用非常廣泛，令我印象深刻，也從中獲得很多資訊,7.0,4.285714285714286
今天上到的令我感覺到十分驚奇,6.214285714285714,8.083333333333334
上課還是很常覺得跟不太上,3.333333333333333,3.583333333333333
這幾天盯著自己的成績一直看，盯著書本一直看，上課的時候邊聽邊看，不知不覺今天又上完一個章節了,5.2,3.083333333333333
老師善用舉例解說，感覺自己又了解了一點,6.142857142857143,5.357142857142857
老師很重視與同學的互動,6.357142857142857,4.25
和生活做許多結合，讓我感到興奮不已,8.333333333333334,8.166666666666666
之前沒搞清楚，現在理解上會更困難,3.928571428571428,3.8125
終於沒功課了，好開心喔,7.785714285714286,8.666666666666666
第一次上課覺得自己有待加強,4.0,3.083333333333333
今天上課後我已充分了解了，老師今天的教導讓我獲益良多,7.214285714285714,5.142857142857143
課上的舉例十分生活化，時常不禁一笑，但淺顯易懂可以很快進入狀況。,7.214285714285714,6.083333333333333
對於電腦內的結構和演變過程有了更多的了解,6.083333333333333,2.714285714285714
覺得有點難,3.666666666666667,4.75
課堂中老師舉了許多的例子讓我們去理解其不同之處，今天的課程算蠻有趣的,6.571428571428571,4.833333333333333
今天老師說話特別有趣，可說是目前最有趣的一節,7.5,5.5
好像已經趕不上進度了，速度有點太快，希望進度可以慢一點吧,3.5,5.25
今天老師迅速的上完，較細節部分我還沒搞懂,4.857142857142857,4.416666666666667
老師上課講解很詳細，教得很棒，讚讚讚哦,8.25,7.916666666666667
今天學了一堆，感覺還要回去熟悉一下,4.5,4.583333333333333
老師要我們做報告，我覺得很有意義,6.916666666666667,3.083333333333333
專有名詞聽不太懂，希望可以解釋一下,3.928571428571428,4.333333333333333
無法融會貫通，希望能講慢一點,3.416666666666667,5.166666666666667
希望能稍微放慢一下速度，才有時間消化理解,4.5,2.357142857142857
今天上的內容偏難，需要花更多時間去理解,4.083333333333333,4.214285714285714
今天教的內容感覺很複雜，要好好的學習才能學好,5.083333333333333,4.071428571428571
很多不懂，多做說明會更好,4.166666666666667,3.583333333333333
我依然覺得老師的講課步調很快速，有時候還沒搞清楚裝況，他就已經進入好幾頁之後了,3.0,5.642857142857143
感覺很實用，又很有趣,6.583333333333333,3.5
今天老師講了很多，收獲也很多,6.166666666666667,4.7
今天沒有像之前講的那麼快，講解的速度剛好,5.25,2.416666666666667
以前只是聽過，但不清楚是幹嗎的，經過老師的解說，讓我有了更進一步的理解,6.916666666666667,4.071428571428571
今天講的覺得滿神奇的,6.416666666666667,6.083333333333333
對這門課頗感興趣，如果有實際操作的活動的話，我一定會去旁聽,5.916666666666667,4.75
老師說得不錯，謝謝老師的分享,6.833333333333333,2.916666666666667
今天大家感覺很煩躁，可能是因為考試考不理想吧，感覺沒精神上課,2.142857142857143,2.916666666666667
希望有下課時間，不然下堂課的效益不佳,3.916666666666667,3.916666666666667
不太了解，希望可以再舉一些例子，有助於理解和記憶,4.583333333333333,4.5
這堂課的內容真的令我相當讚嘆,7.4,6.083333333333333
終於開始有點概念了,5.714285714285714,5.071428571428571
只能說是枯燥無味的上了一整節的課,3.0,3.0
一成不變的上課方式，讓我沒有足夠的動力去學習,3.142857142857143,3.25
一開始不太懂，但是在自己思考了一下後，總算弄清楚了，一瞬間覺得超有成就感的,8.333333333333334,6.785714285714286
我覺得想要學好不是那麼簡單，不抱希望了,1.666666666666667,5.714285714285714
透過課本上的範例，讓我更加了解,5.857142857142857,4.071428571428571
必須和前面章節融會貫通，才能對這個領域有更全面性的理解,6.571428571428571,4.75
有點深奧，但是還是勉強吸收,5.166666666666667,3.142857142857143
我只要把基礎做好，慢慢進步就可以了,5.5,2.416666666666667
終於有了解的感覺了，收穫很多,6.333333333333333,4.083333333333333
今天講的內容跟前幾次上課的內容有連貫，所以比較清楚整體上課的內容是什麼,6.666666666666667,3.285714285714286
我覺得上課的內容我很喜歡，這部分以後一定會被廣泛使用,7.583333333333333,5.166666666666667
今天的課程我覺得非常重要，所以希望可以把這些學好,6.416666666666667,5.0
越來越喜歡上這門課了，希望可以把接下來的學好,7.666666666666667,6.833333333333333
今天收穫蠻多的，第一次聽得懂那麼多老師說的,7.166666666666667,6.25
今天前半段的東西還跟得上，可是從後半段到結束都聽不太懂,3.5,3.25
令我感到有些困擾，但是早點接觸也是好事,4.166666666666667,4.083333333333333
剛好我這學期也有修相關的課，所以聽得還蠻熟悉的,6.4,3.916666666666667
今天知道了不少相關的知識，收益良多,6.928571428571429,3.916666666666667
今天聽完覺得越來越進入軌道了呢,6.916666666666667,5.916666666666667
今天的課程讓我大開眼界,5.928571428571429,3.75
雖然這些是之前沒有接觸過的，但感覺上概念大致上都差不多，所以感覺比較容易理解,6.25,3.285714285714286
雖然只有一小時，但我收穫很多,6.166666666666667,4.166666666666667
初次學到這方面的知識，感覺蠻重要的,5.916666666666667,3.25
對課程有清楚概要的說明，也鼓勵我們多去嘗試透過這些不同的方法來提升自我的能力,7.142857142857143,3.25
最近上課速度都用飆的，而且還不準時下課,2.071428571428572,7.714285714285714
課堂中，老師用了很多簡單的例子教導我們，感覺到了老師的用心。,6.7,4.928571428571429
表面非常簡單但內裡十分複雜,4.25,3.166666666666667
聽老師講其實沒太大問題,5.0,2.714285714285714
直到今天我才真正了解更詳細的用法,5.8,3.083333333333333
老師運用生動的比喻，具體描述了箇中差異,7.5,4.142857142857143
就算很努力看懂題目了 還是很無力的感覺,2.5,4.333333333333333
得到這樣的評語令人無法接受，太傷人了,1.166666666666667,8.214285714285714
上課進度太趕了，很多東西不清楚,3.357142857142857,4.25
介紹詳細，可以和以前認識的內容融會貫通,6.5,3.642857142857143
雖然探討了很深，但很多我沒有好好聽懂，回去要再看書惡補一下,4.25,4.357142857142857
有些題目好深奧難懂，希望上課可以講解一些比較難的習題,4.357142857142857,4.833333333333333
今天的課對於日後的工作很有幫助,7.214285714285714,3.833333333333333
今天收益良多，學到很多平時無法聽到的,6.833333333333333,5.166666666666667
今天有被點到問問題，跟老師有點互動，更能了解上課的內容,5.5,3.357142857142857
覺得獲益良多！,7.583333333333333,5.75
因為昨天比較晚睡，今天好幾次都不小心恍神，漏了不少東西,4.0,2.666666666666667
今天了解到很多問題，覺得非常有趣,7.083333333333333,5.642857142857143
今天講解的速度比較慢，比較能有時間消化，好好理解,6.0,4.083333333333333
白板上的字有點亂看不太清楚,3.928571428571428,3.833333333333333
課程內容有趣，有助於了解未來的方向,6.25,2.833333333333333
今天有點難懂，可能要再多讀一下,2.916666666666667,3.857142857142857
教的超讚，讚起來讚起來,8.333333333333334,8.333333333333334
今天提早下課比較輕鬆，不會那麼緊繃，謝謝體諒我們,6.785714285714286,5.142857142857143
先前的部分我還是很不熟，仍需多加研讀,4.416666666666667,3.785714285714286
今天的課程內容令人覺得很厲害來著，不過有些原理還是不太懂,4.833333333333333,4.75
有些不是很了解，回去會認真看課本的,4.5,4.583333333333333
有些字太潦草，看不懂內容，有點難，其他還好,3.916666666666667,2.5
今天讓我印象最深刻的大概是有些平常常常看到但是卻不了解其意思，今天得以了解,6.428571428571429,4.166666666666667
課程中有許多有趣的議題讓我們思考，相當有趣,6.666666666666667,6.5
今天掌握了更多的知識，獲益良多,7.333333333333333,4.083333333333333
感覺學到了好多東西,6.666666666666667,4.428571428571429
課程上的內容不容易了解，希望能有更多的說明講解內容,3.785714285714286,2.666666666666667
知道了很多的知識,5.928571428571429,2.857142857142857
今天我更加專注於課堂，發現比之前更了解了,6.75,6.833333333333333
我好像有點感冒，所以提不太起精神,3.428571428571428,2.833333333333333
我喜歡今天上課的內容因為比較貼近生活,7.285714285714286,5.357142857142857
今天講到我最有興趣的部分，尤其是最後一段最讓我興奮,7.666666666666667,7.666666666666667
今天舉到的例子都十分生活化，讓我們理解其中的應用，並且更加有印象,6.416666666666667,5.666666666666667
若能做出這個專題，會有多炫阿,7.142857142857143,7.166666666666667
由於自身的專業詞彙不足，課堂中常聽到一些陌生的術語，無法及時反應,3.666666666666667,5.833333333333333
讓我對於計算過程更清楚明瞭,6.416666666666667,3.928571428571428
覺得回來要好好複習了，謝謝老師的教導,6.333333333333333,4.214285714285714
好像還沒完全搞懂，需要回家複習一下,5.083333333333333,3.416666666666667
今天很想睡，並沒有聽到什麼內容,3.25,2.642857142857143
只要把原理弄懂，其他再慢慢學習即可,5.5,3.071428571428572
課本配老師的講解比較能掌握重點,5.142857142857143,1.857142857142857
要考試了，最近要努力複習,5.916666666666667,4.333333333333333
今天的課比較不感興趣,3.166666666666667,2.333333333333333
上課很有趣，收穫很多，讚讚，多多充實自己,7.333333333333333,4.75
有大略的去做了解，不過它的運作原理還是讓我有些頭疼,4.142857142857143,5.333333333333333
聽到要考難一點時，有種「完蛋了!」的感覺,3.5,7.0
這次設定的目標很難達成，幾乎是不可能,2.166666666666667,6.583333333333333
今天收穫很多,6.416666666666667,2.583333333333333
老師今天上課很幽默，所以上課比較跟得上,6.083333333333333,4.5
以前只有一個模糊的概念，今天第一次真正理解,7.071428571428571,5.416666666666667
做了很久的作品，老師只看了30秒就否定了，心情很難過,1.571428571428571,7.166666666666667
我覺得今天學到很多東西,6.285714285714286,4.583333333333333
幾乎都聽得懂老師的話，也覺得課程內容很有趣,7.3,5.142857142857143
今天的課程，雖然都聽不太懂，但我會努力去學的,5.083333333333333,5.0
複習了之前的概念，感覺有學到東西,6.333333333333333,4.785714285714286
教得很棒，讚讚,8.0,4.0
今天上課內容還不錯,6.428571428571429,4.0
今天上課進度很多，步調十分快速，我也聽不太懂，希望自己能繼快跟上步調,4.214285714285714,3.357142857142857
因為沒有舉例，所有聽起來很抽象,3.666666666666667,4.166666666666667
這部分只要記一下就都會了,5.5,4.583333333333333
今天上課的東西還記憶猶新，讓我聽得很有興趣,6.714285714285714,3.5
今天講課的內容，比以前更容易讓人理解了些,5.916666666666667,4.666666666666667
今天老師叫我們回去多看看補充資料，有種充實的感覺,7.142857142857143,3.571428571428572
這次上課一點也不有趣，讓人想打瞌睡,2.75,3.166666666666667
看似很複雜，但是老師一步一步的講解過後，最後才將全部拚湊起來 讓我更容易理解,5.916666666666667,3.5
對於課程內容有了相當大的認識,6.583333333333333,4.214285714285714
今天教得很多都聽不懂，需要去猜它的意思,3.916666666666667,3.083333333333333
今天所教的內容自己並不是相當清楚,3.5,3.428571428571428
今天所學對我有很大的助益，不過還是需要花許多時間理解,5.75,5.416666666666667
有畫圖解說算是蠻清楚的,6.75,3.5
覺得老師上課很用心，而且有趣生動活撥,7.0,4.0
今天的課讓我相當有感觸,6.2,4.416666666666667
上課東西累積到現在好多，好累,1.916666666666667,4.428571428571429
感覺正在接近課程的核心，有好多是一時難以理解的,4.416666666666667,4.416666666666667
我會再多花一點時間去學習，老師很厲害,6.166666666666667,5.5
這堂課讓我們知道一些有趣的小故事,5.857142857142857,3.916666666666667
白板字太小又暗，看不到,3.083333333333333,4.666666666666667
有些名詞不知道是甚麼意思,3.5,3.833333333333333
這次上完以後，讓我下定決心學習，努力提升我的實力,6.6,5.071428571428571
聽得還可以，可是有些比較艱深的不懂,4.6,4.071428571428571
目前最大的問題依然是我在課堂上不專心,3.083333333333333,3.428571428571428
我覺得這次的功課還有作業有點密集,4.083333333333333,4.571428571428571
難到快炸掉了，根本快聽不懂，無法理解,1.25,8.583333333333334
可以了解技術的演變，也對整個的架構更清楚了,6.583333333333333,5.25
今天的內容比較淺顯易懂，比起上次能懂得多,5.916666666666667,4.071428571428571
覺得很有趣，比起專業的部分好懂多了,6.571428571428571,6.083333333333333
今天所教的對於我來說是比較新的東西，非常實用,6.785714285714286,4.5
了解能如何運用在現實，蠻有趣的,6.214285714285714,4.428571428571429
課程一開始比較煩躁乏味,3.333333333333333,2.916666666666667
老師講了些應用，增加了我對這方面的認知,6.833333333333333,3.928571428571428
今天教的我還沒辦法完全理解,3.416666666666667,4.357142857142857
感覺跟昨天上的差不多，大致上是更細部的說明,5.1,2.214285714285714
今天老師教得很生動，使我獲益良多,7.166666666666667,5.5
真的是讓我打開眼界，雖然有些還蠻想學的，但是要花好多時間去學啊,5.666666666666667,5.916666666666667
雖然有些術語不太懂意思，但是對過程更加瞭解,5.857142857142857,3.5
還是看不懂老師的字，實在太潦草了,2.875,5.142857142857143
我覺得很有趣，不過要運用自如好像沒有這麼簡單，不過我還是會努力去學習,6.142857142857143,5.571428571428571
教得蠻完整的，回去不用複習太久,6.142857142857143,2.916666666666667
希望不要有考古題這種東西，真的很不公平,2.428571428571428,6.0
準備很久還考成這樣，快崩潰了,1.214285714285714,8.416666666666666
今天因為要考試，所以有點心不在焉,3.916666666666667,3.5
透過今天的課程，有了進一步的認識，之前的疑惑亦解開了，更加明白用法了,7.285714285714286,6.666666666666667
老師有時候講到一半會突然講另一個東西，讓我頭腦一時轉不過來,4.0,4.5
課本上的習題過於困難，同學們互相討論也不會寫，希望老師上課時能提示一下,3.857142857142857,5.416666666666667
一整堂都講課本真的還滿容易恍神的,3.0,3.166666666666667
今天終於放慢速度上課了，但我還是聽不懂，我很擔心我的期中考怎麼辦,2.416666666666667,6.714285714285714
今天上的也是頗精彩的,6.928571428571429,5.214285714285714
老師字寫得太草，抄筆記有點困難,3.3,3.916666666666667
在課程中舉的例子有些複雜，不過蠻吸引人的,5.583333333333333,4.416666666666667
上網找了很多答案，覺得有增加自己找答案的技巧了,7.5,4.166666666666667
今天的上課內容我很有興趣,6.75,5.666666666666667
慢慢理解如何運用在生活中了,5.25,2.785714285714286
專業部分稍微吃力，但還能跟上課程,4.5,4.916666666666667
這堂課對生活上有一定的幫助,6.416666666666667,4.833333333333333
希望老師可以多帶我們課本的東西，好讓我們能從課本學到更多內容,5.5,4.928571428571429
今天精神不濟，下堂課會更專心一點,4.357142857142857,5.0
終於教完了，但教的有點快,4.166666666666667,3.333333333333333
重複的講解讓我印象深刻，最後彙整的表格更是讓我能更進一步了解今日的上課內容,6.166666666666667,5.416666666666667
希望老師可以多作一些解釋，不然像我這種比較不熟的人會反應不過來愣在那邊,3.857142857142857,4.9
把這科學好就可以有好的工作了,5.833333333333333,4.214285714285714
老師講得很有脈絡，感到收穫滿滿,7.083333333333333,6.0
對於課程內容還不太熟悉,3.916666666666667,4.75
要花上很長時間才能理解，常常事倍功半,3.416666666666667,4.071428571428571
真的很難，許多部份都還不是很清楚,3.416666666666667,4.428571428571429
今天的課程更加的讓我了解到相關內容,6.083333333333333,3.785714285714286
老師說得好好，受益良多,6.916666666666667,3.416666666666667
今天獲得了許多知識，十分滿足,7.0,4.083333333333333
跟不上，有種想要放棄的感覺,2.1875,4.642857142857143
大致都聽的懂，收穫滿多的,6.142857142857143,3.714285714285714
今天上的感覺比較難,3.785714285714286,3.0
這章很快講完了，不過有些地方還是不太懂,3.916666666666667,4.333333333333333
今天的氣氛真的是很想睡覺，但是因為太重要了，所以不能睡下去,5.1,3.083333333333333
麥克風的雜音讓人覺得心情浮躁，上課效果不顯著,3.083333333333333,4.571428571428571
今天重新刷新了我的認知,5.357142857142857,4.916666666666667
今天老師看我們課後有考試，所以提早下課、說再上下去也沒意思,4.25,3.428571428571428
我從老師身上學了很多的知識,6.416666666666667,3.0
如果老師不要一直撈叨的話會更好,3.642857142857143,4.7
今天還可以，意外蠻好玩的,6.666666666666667,6.166666666666667
聽到下禮拜要考試時，就覺得超緊張的，超怕會寫不出來,3.916666666666667,6.714285714285714
利用上課教得內容，可以容易發現問題所在，今天上課蠻有趣的,6.75,5.357142857142857
今日的板書比較清晰，字體稍嫌潦草但可接受,4.5,2.416666666666667
今天老師的腳步一如往常的快速,5.1,3.214285714285714
聽不清楚在說甚麼,3.142857142857143,3.642857142857143
對於上課內容有點不太了解,4.166666666666667,2.0
今天學了很多實際應用的例子，很實用,6.916666666666667,5.583333333333333
這塊就讓我煩惱很久！而今天終於有所了解了,6.5,7.916666666666667
今天學得東西需要強大的邏輯推理能力，但我覺得還蠻有趣的,6.333333333333333,4.428571428571429
上課都半懂半懂 需要一直查東西,3.071428571428572,5.666666666666667
學習了很多基本概念，使我更容易去預習下一章,6.0,5.071428571428571
整體而言還算不錯，期待下一節課,6.833333333333333,4.583333333333333
這部分我比較聽得懂，也比較有興趣聽,6.785714285714286,3.857142857142857
我覺得今天的課讓我更充實了,6.285714285714286,3.571428571428572
上禮拜沒有認真聽，這次感受到有老師講解的好處，以後還會繼續努力,5.333333333333333,4.0
白板字也有點看不到，不過還跟得上,4.75,3.75
老師人很好，時常關切每一位同學的上課狀況,6.333333333333333,3.428571428571428
進入重點章節了，覺得有點緊張,5.083333333333333,4.571428571428571
今天聽的東西很有趣比較貼近生活,6.875,4.142857142857143
課程接近尾聲，已經沒什麼好期待了,1.666666666666667,2.166666666666667
覺得跟生活比較接近的應用比較有趣,5.785714285714286,3.0
今天上課我終於聽懂老師在說什麼了，然後真慶幸今天我有帶課本,7.583333333333333,6.5
今天教的不多，不過也學到了一些東西,5.5,2.75
看似簡單，裡面竟然蘊含這麼多技術，真是太神奇又令人敬佩了,8.071428571428571,8.833333333333334
學習所獲得的這些經驗、訊息相信對未來一定有幫助,6.083333333333333,3.666666666666667
上課精神頗好，收穫很多，學了很多知識,8.666666666666666,5.416666666666667
許多主重要的點都沒有強調，常常直接帶過,2.357142857142857,4.583333333333333
看來要更加努力的學好，才能成為舉一反三的人才,5.583333333333333,6.083333333333333
進度有點快  或許是這章比較少的關係,4.083333333333333,4.214285714285714
上課時老師善用舉例，讓我有更具體的思考邏輯，對於整個架構也比較了解,7.0,6.916666666666667
這次學到很多，講的易懂明瞭,6.785714285714286,3.857142857142857
今天上課一樣吸收到很多,6.083333333333333,3.333333333333333
今天知道成績，發現不太理想，還要再加油,3.916666666666667,4.5
我今天上得很開心,6.916666666666667,5.0
雖然學過，不過依舊十分有趣,6.5,5.071428571428571
希望畢業前能學會至少三種語言，感覺比較厲害，哈哈,5.666666666666667,5.714285714285714
我對這方面超感興趣的，而今天上課有談到，我覺得很好,8.5,7.833333333333333
要學習新工具了，感覺很新鮮,6.428571428571429,4.833333333333333
跟之前的前幾堂課不一樣，今天的課程我非常喜歡,7.357142857142857,4.714285714285714
今天上課超專心的，學到了很多東西，感覺開心,8.166666666666666,6.357142857142857
今天沒有甚麼心情上課,2.428571428571428,2.833333333333333
有複習昨天教的內容，加深印象,5.916666666666667,3.0
這次課堂的內容聽懂部份較多，吸收較多不同的內容,6.333333333333333,4.75
今天教的內容讓我有點概念，很不錯,6.416666666666667,4.916666666666667
今天上的有夠快，根本沒教到重點，完全離題,2.416666666666667,6.416666666666667
今天教得好快喔，一下子就教完了,4.75,4.1
對我未來的就業很有幫助，也希望我可以學習如何使用這些工具在我的生活上,6.0,4.833333333333333
對整體架構有了更進一步的了解,5.928571428571429,2.875
老師教的脈絡很清晰，而且很有個性,6.166666666666667,4.642857142857143
吸收了一些相關知識，收穫良多,6.25,3.916666666666667
內容有趣，例子生動，獲益良多,7.142857142857143,3.1
今天教的真的很棒，我覺得我會學以致用,8.75,6.142857142857143
老師的標準頗高，怎麼追也追不上，很難受,2.0,3.083333333333333
有難度,4.214285714285714,2.357142857142857
講師帶給我們這麼多有趣的應用，讓我們躍躍欲試，也激發了我們今後自主學習的興趣,8.833333333333334,6.928571428571429
上老師的課覺得學到很多東西,7.0,4.0
雖然聽得懂，但是要完全的理解授課內容還是需要再複習幾遍,5.142857142857143,4.0
今天上完，也是學到很多啊,6.714285714285714,4.857142857142857
還行，跟得上,5.083333333333333,2.25
今天的課程較難明白,4.285714285714286,4.583333333333333
這次的考試範圍有點重，有太多東西都是我們以前沒有碰過的領域，需要花時間多多著墨才可以稍稍掌握,5.583333333333333,4.142857142857143
老師詳細的解說讓我們了解課程的重要性,6.333333333333333,3.0
這堂課感覺提到了更多我們可以實際運用的例子，也有漸漸跟之後課程接軌的感覺,6.5,4.166666666666667
教得非常之好，今天的課程真的很棒,8.25,6.357142857142857
老師很多都只是帶過去而已，不是很清楚了解在講什麼,3.285714285714286,4.583333333333333
快上完了，寒假快要來臨拉，異常興奮,5.357142857142857,5.428571428571429
最近的課我都有聽沒懂,2.714285714285714,4.5
對下周的小考感到擔憂,3.285714285714286,5.75
越來越跟得上了，越來越能理解,6.5,5.25
老師的提醒有助於我找出學習的漏洞,5.5,3.571428571428572
考試過後，我更深刻體會到熟讀課本的重要性,5.571428571428571,4.333333333333333
對於原本不了解的有了更新的了解,6.0,4.25
才剛開始上課，所以對於這門課要學的東西還有些生疏,4.5,2.0
我似乎沒有很準確地抓住重點，所以有點聽不懂,4.0,3.2
對課程內容有了更深的了解，覺得學到很多,6.75,4.916666666666667
今天上的聽不太懂，大概是昨天上的尚未理解清楚的緣故,4.214285714285714,2.416666666666667
講了很多之前沒接觸的東西,6.0,3.083333333333333
老師今天心情感覺很好，哈哈哈,7.214285714285714,6.25
大概能了解，但還是想更了解裡面的處理過程,4.9,4.0
這堂課大大增加我的認知,6.571428571428571,5.0
今天聽說又多了一個報告，報告那麼多，真的可以做完嗎，而且都不太懂呢,2.166666666666667,6.583333333333333
感覺得回去自己看書才能完整了解,4.916666666666667,2.8
並無感覺太大困難之處,4.916666666666667,2.785714285714286
以前就有聽過一滴滴概念，所以對今天的內容不是非常陌生,5.785714285714286,2.666666666666667
今天教的讓我感到十分新鮮，有種原來如此的感覺,6.833333333333333,5.0
課程內容大致上還能理解,5.428571428571429,3.0
本來還不熟悉，上了今天的課之後有比較了解，但還是需要時間理解,5.25,3.857142857142857
聽了許多課外的補充，覺得收穫很多,7.142857142857143,4.642857142857143
今天講得比較快，還沒消化完,3.7,3.333333333333333
越來越聽得懂老師教什麼了,6.428571428571429,5.0
大致都可以懂，只是速度稍微快了點,5.333333333333333,3.214285714285714
今天教的對我們來說是不可或缺的，我們經常需要使用它,5.666666666666667,3.5
今天好累喔,2.642857142857143,4.5
今天的課比較容易聽，比較好理解，這堂課我真的學到了很多的東西,7.571428571428571,5.4
老師在講課時還蠻詳盡的,6.666666666666667,2.428571428571428
聽不清楚，有些地方會漏掉,2.916666666666667,3.928571428571428
老師生動的講解，讓我有了更深入的理解,7.071428571428571,4.785714285714286
只是稍微了解而已，還是不太理解這章的內容大綱,4.333333333333333,3.5
嚴厲的教學風格雖然讓我們感到不悅，但是我相信未來一定有幫助,4.666666666666667,4.071428571428571
又更了解了一些構造與概念，頗有收穫,6.416666666666667,5.0
上完課以後我收穫良多,6.785714285714286,4.142857142857143
今天認識到了很多以前從來沒看過的東西，讓我開了一點眼界,6.583333333333333,4.0
整節課都有點頭暈，吸收的很少,2.75,3.571428571428572
感覺最近上的越來越深入了，跟得越來越辛苦了,3.785714285714286,4.0
第一次碰到不是說太會，看也要看很久,4.25,3.785714285714286
感覺時間過很快，老師也講得清楚些了,5.916666666666667,4.583333333333333
這幾次常常講重複的東西，少了點新鮮感,3.666666666666667,2.25
今天老師依舊舉了很多例子，真的超有趣阿,7.714285714285714,7.583333333333333
老師提醒我們如果有不懂處要積極主動提問,5.785714285714286,2.833333333333333
上課越上越有趣，漸漸找到小樂趣，哈哈,7.714285714285714,7.166666666666667
今天所講解的內容自己理解起來不是很順利，課後要重頭的再看一遍,3.642857142857143,3.833333333333333
我常常聽不懂老師講了甚麼英文，但要是能夠翻譯一次的話，我的大腦就能自動對應出解釋了,4.083333333333333,3.9
今天老師告訴我們許多之前不知道的新知，非常謝謝,7.166666666666667,5.285714285714286
這方面我都有相關使用經驗，所以非常熟悉,6.166666666666667,4.416666666666667
老師的講解相當詳細，但麥克風收音時好時壞,5.285714285714286,3.25
今天課堂後半段的第九章，感覺看到了一片新大陸,6.083333333333333,6.0
說實在昨天教了什麼有點忘記了,3.666666666666667,3.285714285714286
老師的知識很豐富，上課語調抑揚頓挫，同學精神飽滿,8.75,4.166666666666667
老師能搭配一些日常生活的東西做比喻讓我們更加了解,6.083333333333333,4.333333333333333
今天聽得特別特別清楚呀，和老師有比較多的互動外，更加瞭解上課內容,6.75,6.166666666666667
課本的圖片中畫圖解釋的很清楚，所以理解蠻多的,7.214285714285714,5.916666666666667
知道這個算法，真的對我們的知識幫助很大,6.916666666666667,6.0
有點難，覺得有點聽不懂,4.166666666666667,3.916666666666667
今天把考試範圍都教完，下周就要考試，真心覺得嚇死人，看來這周不用睡了,3.833333333333333,8.166666666666666
今天上課的內容覺得蠻有趣的，而且今天能吸收的內容較多,6.583333333333333,4.083333333333333
這堂課對日後有莫大的幫助,6.857142857142857,5.0
老師努力教導，讓我更明白課程內容,6.857142857142857,4.75
這堂課大大增加我的認知，但總覺得教得有點太多了，難以消化,4.333333333333333,5.583333333333333
對於解決問題有了初步的認識,5.583333333333333,1.916666666666667
今天課程內容值得學習，學好對未來幫助很大,8.166666666666666,5.25
今天學到了很多專業知識，感覺真棒,6.916666666666667,4.916666666666667
今天的課程有些快，雖然跟得上但還是有一些些吃力,4.166666666666667,4.666666666666667
老師解說詳細，很有幫助,6.333333333333333,3.833333333333333
上完有種融會貫通之感，非常有趣,7.5,6.0
讓我更想奮發圖強好好把程式學好,6.857142857142857,6.666666666666667
今天講了許多的例子，給了我很多解決問題的方向,6.25,4.214285714285714
雖然教的內容有點複雜，也有點不是很懂,3.857142857142857,3.571428571428572
我覺得很有趣，而且感覺比前幾次都還能提起學習的興趣。,7.142857142857143,5.428571428571429
覺得今天聽得比較懂,5.416666666666667,3.142857142857143
今天上的課真充實,7.083333333333333,4.571428571428571
今天學到不少東西，希望之後都可以將這些東西運用在生活或工作上,6.166666666666667,3.916666666666667
今天又學到了不少新的知識,6.25,3.416666666666667
開始擔心期末考的題目會不會很難了,3.5,4.357142857142857
以前雖然有學過，但今天才發現要表達清楚不容易,4.666666666666667,5.583333333333333
整堂課下來聽得很充實,5.916666666666667,2.5
上課內容生動活潑，可以保持在精神很好的狀態,7.428571428571429,5.142857142857143
在考完試後，我明白自己仍有許多不足，讀的還不夠多,4.75,3.666666666666667
今天上的課程比較難，有點難以理解，希望講解可以詳細些,3.857142857142857,4.142857142857143
白板上寫的字還是有點看不太清楚,3.571428571428572,1.833333333333333
教得太快，部分板書還是看不懂,3.416666666666667,3.333333333333333
雖然真的不是很懂，但還是有了解一些,5.166666666666667,3.833333333333333
前面有點跟不上，但後面就真的聽懂了許多東西,5.416666666666667,4.214285714285714
課程內容很重要，應該要好好學習,7.0,4.071428571428571
今天聽完老師仔細地介紹後，更加有印象了,7.166666666666667,5.142857142857143
覺得上太快了，聽得很吃力,3.071428571428572,4.666666666666667
今天講到比較多實際應用的東西，聽起來比較能夠理解,6.25,3.357142857142857
教了很多東西，但希望可以聽到更多生活化的例子，增加印象,6.166666666666667,4.25
今天教的東西比較複雜，希望能放慢速度，讓我們有時間消化一下,3.666666666666667,3.25
今天上課的講內容覺得好複雜,3.0,4.714285714285714
聽得比較懂了，我覺得老師教的很有用，可以讓概念更清楚,6.857142857142857,5.833333333333333
上課方式有趣，很充實,6.583333333333333,4.5
參加比賽令人畏懼，實作難度也是一個考驗,4.214285714285714,4.416666666666667
對於課程內容有更多的了解，但剛開始接觸原文書讓我有點不適應，加上作業與小考，讓我更吃不消，希望作業與考試能不要那麼頻繁，也希望自己能盡快趕上進度,2.428571428571428,5.916666666666667
例子很生活化也讓我十分有印象,6.0625,4.357142857142857
許多需要思考以及應用的問題，真是一個頭兩個大阿,4.0,6.142857142857143
上的太快了，課文還來不及看完，可能過不久又要教作業跟考試了，老實說有一點應付不來,2.5,5.571428571428571
今天上的蠻有興趣的,6.416666666666667,2.333333333333333
我覺得講師非常厲害，他利用不同的方式帶我們依序解決問題,7.166666666666667,5.142857142857143
讓我更瞭解到這方面的知識，覺得蠻充實！,7.357142857142857,6.416666666666667
覺得蠻有趣的，也了解更多了,7.0,4.428571428571429
下課前老師相當用心的以口頭統整今天所教過的東西，這樣加深印象也能幫助學習，我覺得真的是很不錯,7.285714285714286,6.416666666666667
對於今天的課堂，我大概能明白,5.583333333333333,2.714285714285714
覺得還蠻好玩的，但是不太懂,5.5,4.333333333333333
老師將課程內容歸納的整理出順序，很有條理,7.142857142857143,2.75
今天上的內容有以較貼近生活的事件舉例，更能清楚地了解課程內容,6.083333333333333,3.928571428571428
今天上課教室內的氣氛過於沉悶，學生的注意力到第二節課時已經消磨光了,2.166666666666667,3.166666666666667
希望老師上課解說能多一些，讓我們理解課程內容。,5.083333333333333,3.142857142857143
有一些專有名詞，感覺聽了還是會從耳邊過去，因為連那是什麼都不知道,3.25,3.75
其實聽不是很懂,3.25,3.083333333333333
這門課涵蓋真是廣泛，真的是門博大精深的學問,6.5,5.071428571428571
今天坐在中間的座位，發現聽課效果良好,6.428571428571429,3.25
覺得真的很厲害，能夠預見離自己很遠的未來,6.857142857142857,6.666666666666667
真的是收穫良多，教得很棒，深入淺出,7.4,6.416666666666667
這麼難的東西能用紙筆寫出來，我覺得真的很厲害,7.5,6.142857142857143
今天教的聽不太懂，不知道是甚麼意思,2.642857142857143,3.214285714285714
最近無心上課，所以發現有許多不會也不懂的地方,2.416666666666667,2.571428571428572
老師講的笑話很好笑，哈哈,6.5,5.916666666666667
最近的內容有比較聽得懂，覺得滿不錯的,6.285714285714286,5.333333333333333
光看上課的投影片有點跟不上老師,3.75,5.25
有些部分覺得很困難，希望能更研究更多,3.75,4.833333333333333
我覺得我學到許多東西，受益良多,6.5,5.8
課堂上老師舉了不少生活化的例子讓我們理解，真是太棒了,8.333333333333334,7.416666666666667
老師挺幽默的，聽課能大幅提升各方面的知識,7.5,3.416666666666667
讓我對未來的課感到興奮，希望未來可以趕快來上到,6.75,6.357142857142857
耶! 終於教完了，下禮拜考試，期待期待,6.75,6.785714285714286
講解題目用畫圖表示，有讓思緒更加清晰,6.714285714285714,3.333333333333333
今天學到了很多知識，覺得好開心,7.714285714285714,5.928571428571429
經過更進一步的講解，讓我有更深入的了解，覺得學到了很多,6.666666666666667,5.583333333333333
今天聽完課有如撥雲見日，發現原來還有這麼多應用阿,7.333333333333333,7.5
老師講得很清楚，只不過要一開始就實作我認為是有點困難的，不過還是謝謝老師,5.2,4.0
這堂課對我幫助很大，希望以後能學到更多,7.75,5.357142857142857
今天上課講了期末考的題目，也太難了吧，完全沒信心,1.916666666666667,6.25
今天上課很開心，因為大部分我都有聽懂老師在說甚麼,6.166666666666667,4.333333333333333
下禮拜就要考試了，我想我要抓緊時間，在考試前把我還沒弄懂的地方好好搞清楚才行,5.75,5.285714285714286
經過老師風趣的介紹，我更加喜歡上這堂課,6.357142857142857,5.714285714285714
今天上課的內容，其實不是很清楚在說什麼，也不太清楚它的應用,3.357142857142857,3.166666666666667
我對這次的上課內容還挺有興趣的,6.25,4.285714285714286
老師的講解依然使人容易理解課本的內容,5.916666666666667,3.25
這張是重點，看來需要花更多時間去理解了,4.833333333333333,4.071428571428571
我覺得呢，今天上課有點快，看起來有一點點難，但是還是可以接受的,4.75,3.166666666666667
老師深入淺出的講解，我覺得很讚,7.4,6.25
今天的課程讓我有更深的了解，也十分感興趣,7.25,6.357142857142857
在自己仔細讀過課本課文內容之後，總算可以聽懂講課了，覺得相當興奮。,7.642857142857143,7.25
學習到了不少知識,5.833333333333333,2.333333333333333
我覺得老師講的有一點快，需要時間消化,4.5,4.0
或許是今天上的課程較枯燥，導致少許同學想睡,3.583333333333333,2.333333333333333
今天雖然只是淺談，但老師善用舉例讓我們更加了解,6.25,3.583333333333333
有些內容其實我還是搞不太懂,2.833333333333333,3.25
學到了很多知識，但很多東西還是要去複習,5.166666666666667,3.642857142857143
今天的課程老師很認真上課，越來越喜歡老師的課,8.214285714285714,6.916666666666667
這禮拜點出了解題的方向，有助於解題,6.166666666666667,2.25
幾十年前的人的想法竟然還能適用於現在，他的高瞻想法實在難以想像,6.916666666666667,7.916666666666667
第一次接觸覺得很新鮮，講師也很用心講解，滿意今天自己的表現,8.666666666666666,6.071428571428571
我有點擔心會完成不了這次的作業,2.857142857142857,4.083333333333333
今天對於課程更加有心得了,7.416666666666667,6.214285714285714
今天聽得比較ok，覺得對我以後有很大的幫助,6.0,3.75
今天教的問題還蠻吸引人注意的而我也蠻有興趣的,6.666666666666667,5.333333333333333
有些部分只有聽過但沒有很了解，如果要寫功課可能會有點困難,2.916666666666667,2.75
今天學到了很多很實用很充實的內容,7.5,4.285714285714286
今天教的例子都還蠻好懂，都跟我們身邊的一些應用有關,6.857142857142857,4.833333333333333
受益良多，頗有趣,6.5,3.083333333333333
教得很棒啊，讚讚的，收獲良多,8.142857142857142,7.083333333333333
今天舉的一些例子還蠻好懂得,6.5,4.0
今天很多人上課沒帶課本，我也覺得很不應該，應該要保持正面的學習態度,4.166666666666667,5.75
我覺得老師講解詳盡，令我明白課程的重要性,6.571428571428571,5.083333333333333
有許多地方還沒有搞清楚，希望老師能再幫我們複習一下,4.785714285714286,4.0
對於目前上課的方式不太適應，很沉悶,1.916666666666667,3.416666666666667
總覺得教得有點太多了，難以消化,3.0,4.071428571428571
雖然有點難，不過還是勉強聽得懂,5.083333333333333,3.642857142857143
內容生動有趣,7.214285714285714,2.416666666666667
豐富的圖表範例使課程有趣許多,6.416666666666667,3.857142857142857
有課本的搭配，即使課堂上有較不懂得地方也能去看,5.833333333333333,3.642857142857143
今天的課程我還滿有興趣的，所以上起來覺得很不錯,6.25,5.0
聽完課程後，我對習題有更多的想法,6.333333333333333,4.75
覺得課程結合有關日常的事，真的很好玩，也讓人更好奇,8.166666666666666,7.5
你好棒一級棒期末考希望能好好發揮,7.166666666666667,6.071428571428571
有些細節還是聽不太懂,3.833333333333333,4.357142857142857
大致能跟上課程,5.083333333333333,1.833333333333333
我覺得學習這些概念很有幫助，可以幫助我釐清思緒,6.166666666666667,5.083333333333333
看到考試分數之後覺得還可以再進步，要更仔細聽課,6.583333333333333,5.142857142857143
老師說的一時間反應不過來,4.6,2.833333333333333
我很喜歡老師讓我們思考,6.416666666666667,3.916666666666667
老師的上課方式，引不起我對課程的興趣,2.0,4.166666666666667
上課內容有點聽不太懂，但還跟得上,4.666666666666667,4.416666666666667
老師清楚解釋了原理，非常清楚易懂,6.25,5.25
聽說下次考試數量有點繁多，所以感覺有點壓力呢,4.333333333333333,3.166666666666667
感覺學到了很多東西，卻又覺得東西學得還不夠深,3.916666666666667,3.857142857142857
成績不理想，蠻失望的,1.416666666666667,3.214285714285714
老師講的很棒，讚讚,7.857142857142857,4.416666666666667
出了一些作業，還跟得上,5.166666666666667,3.333333333333333
今天教的可以與很多東西結合起來，我覺得滿有趣的,7.071428571428571,5.142857142857143
我個人認為今天學的東西有比較複雜一點,4.571428571428571,3.571428571428572
今天上課我有點小小不專心，在此懺悔，不過還是有在聽課,4.357142857142857,3.833333333333333
老師只有點到一下而已，覺得沒有很熟悉，對於內容還是沒有很理解,3.357142857142857,4.142857142857143
老師說的一派輕鬆，但我卻覺得一樣難，需要時間去慢慢瞭解,4.0,4.642857142857143
發現自己了解的頗少，所以之後要注意聽老師的上課內容,5.857142857142857,4.083333333333333
很多是我以前沒聽過的東西，感覺很不錯,6.714285714285714,4.0
老師講的不錯，棒棒,7.0,4.5
很多課本上的英文專有名詞不了解，也希望可以解釋一下,4.333333333333333,4.214285714285714
有配合故事介紹，聽起來不會枯燥乏味,6.916666666666667,3.333333333333333
我覺得老師有嘗試著傾聽學生們的心聲,6.75,5.0
由於老師都是親身經歷的，講起來比課本更有活力些，讓我們比較好記憶。,6.5,5.416666666666667
今天的課程內容，很不懂，尤其是那張圖，不知道它在說什麼,2.333333333333333,5.714285714285714
這堂課讓我感覺很有趣，這是我第一次那麼詳細的了解,7.714285714285714,6.833333333333333
節奏很快，我目前還有些模糊,3.583333333333333,4.583333333333333
第一次聽到這種說法，越聽越有趣,6.357142857142857,4.083333333333333
今天學到了更多的知識，又是個充實的一天,6.666666666666667,4.214285714285714
太多專有名詞，上起來還蠻吃力的,3.75,3.5
對於課程有了初步的認識,5.166666666666667,1.5
還是有些不太懂，身邊的同學也無法完全了解，希望下次上課前能把問題解決,3.785714285714286,4.5
是不是該自己上網找資料閱讀一下比較好，但感覺會花很多時間,3.666666666666667,4.285714285714286
有許多例子第一次聽到就有種很熟悉的感覺，讓我印象非常深刻,6.5,3.642857142857143
今天教的讚,7.0,4.916666666666667
內容不難，都是稀鬆平常的用法,6.083333333333333,3.357142857142857
這堂課我聽得十分投入,6.3,3.5
上課方式就像是照本宣科一般，讓我提不起勁學習,2.5,4.285714285714286
老師在講解之中總會穿插許多故事，讓課程變得非常有趣，有感受到老師的用心,7.5,5.25
有些內容都草草帶過，即便認真聽講速度也跟不上,2.75,4.785714285714286
用講故事的方式，聽了感覺比較有興趣，不乏味,6.5,2.916666666666667
今天上課的節奏略快,4.6,3.714285714285714
教的很詳細，很棒,6.928571428571429,3.0
能夠了解，但還是有點抽象的概念而已就是了,5.285714285714286,4.833333333333333
接觸到較陌生的內容，不過在實例講解後有進一步的認識,6.083333333333333,2.5
至少能聽懂一半以上，受益良多,6.083333333333333,3.416666666666667
今天的課程我特別有興趣，想要多瞭解，未來也想從事相關工作,7.0,4.285714285714286
深刻了解，內容十分充實,7.071428571428571,4.0
這次感覺聽得懂一些了! 還是希望能稍微複習上次的，這樣會比較清楚,5.916666666666667,4.785714285714286
上課進度跳太快，跟得有點吃力,3.142857142857143,3.7
我發現我越來越聽不懂上課的內容，所以我要快點去看課本了,3.583333333333333,5.1
今天的上課內容比較好懂一些,6.0,3.833333333333333
學習這方面的專業真的要不停充實自己，才不會跟不上世界的變化,6.5,5.214285714285714
明天要考試，還要交作業，加油,4.583333333333333,6.416666666666667
老師講得內容雖然不是很懂，但是仍然覺得獲益良多,5.75,4.357142857142857
不斷的挫折，澆熄了我學習的欲望,1.5,5.857142857142857
還是聽不太明白，理解上有障礙,3.0,3.5
我還是乖乖的按照課本一步一步念，可能會好一點吧，希望考試之前可以念熟,4.642857142857143,3.916666666666667
聽到一些自己原來不知道的，感覺很棒，感覺上對課了,7.214285714285714,6.166666666666667
只是用聽的有點乏味，希望改善互動方式,3.357142857142857,2.5
今天的課又出現了很多我不懂的名詞了,3.571428571428572,3.416666666666667
老師今天上課節奏感覺掌握得不錯,6.583333333333333,3.857142857142857
容易了解，對未來很有用,6.5,4.642857142857143
今天上課教的有點難，有很多地方聽不大懂，下禮拜要考試也太有難度了,2.916666666666667,7.583333333333333
覺得老師講話速度跟進度很快，希望在跟同學們解釋新東西的時候能放慢一點,3.833333333333333,4.583333333333333
我覺得講解的滿詳細，尤其是效率的部分讓我收穫良多,7.285714285714286,4.5
我覺得白板寫的字有些有點小，看不太清楚,4.083333333333333,2.166666666666667
從這些課程可以學到很多不一樣的知識,6.583333333333333,3.928571428571428
今天最大的心得就是學到要打好基礎,5.833333333333333,3.75
這次考試，我考得非常不理想，很糟糕,1.25,5.75
基礎很重要，有空需要複習回憶一下,5.642857142857143,3.714285714285714
基礎打穩，之後的學習就會更加得心應手,6.071428571428571,3.5
今天的課沒有完全理解,3.0,4.166666666666667
趕課趕滿快的，跟不太上,3.25,6.0
希望功課能少一點，這樣我學別的沒學過的東西的時間能更多,3.5,3.071428571428572
今天上課內容很多，講得非常快，有些地方我還是不太懂,4.166666666666667,3.785714285714286
今天上課獲得的東西很充實，收穫良多,6.75,5.416666666666667
講課時還能順便說一些人生的道理，覺得蠻有趣,6.166666666666667,3.166666666666667
老師問了許多問題，可能自己還沒完全吸收，所以每次都答的不是很清楚,3.714285714285714,3.4
希望作業與考試能不要那麼頻繁，也希望自己能盡快趕上進度,3.416666666666667,3.916666666666667
老師講的許多內容讓我非常感興趣，非常喜歡老師講的東西,8.214285714285714,6.916666666666667
經過這堂課，我對於這些有更深的認識了,7.285714285714286,3.916666666666667
很多東西都沒有舉比較實際的例子,3.166666666666667,3.571428571428572
今天的課並不會太難，只要一點點時間搞懂他的原理，就可以自由的運用了,5.5,3.357142857142857
之前有看過這方面的書，在課堂上再看到一遍印象更深刻，這方面應該是難不倒我,6.833333333333333,5.0
最近已經變得漸漸能夠理解上課的內容了,6.071428571428571,3.583333333333333
滿新奇的，覺得開始與自己的生活有所接觸,6.083333333333333,4.357142857142857
今天聽完前面幾組報告，才知道自己的不足，感到深深的無力感,1.583333333333333,5.142857142857143
老實說我也聽不太懂，在快速的進度壓力下又加上作業與考試，讓大家吃不消,1.714285714285714,6.166666666666667
沒課本有點聽不太懂,3.357142857142857,2.3
老師今天教得依然超水準，很棒很精彩,8.75,7.928571428571429
有些時候投影片跟課本常常對不到，還沒看懂老師就會跳下一張了,3.166666666666667,5.571428571428571
今天的課程滿有趣的，但對於一些新的東西還需要一點時間去消化一下,5.714285714285714,4.071428571428571
對今天老師講的有點半信半疑的感覺,2.833333333333333,5.0
覺得課程越來越難懂了,3.142857142857143,4.916666666666667
今天太累了， 吸收不太到東西,2.25,4.642857142857143
覺得很貼近生活，比較能夠理解,6.25,4.071428571428571
這次上課收穫很大,6.5,2.583333333333333
很貼近日常生活，很有趣,7.333333333333333,5.916666666666667
老師上課都很詳細，還會結合時事,6.333333333333333,4.071428571428571
學到蠻多東西的，感覺越來越好玩了,7.666666666666667,5.928571428571429
教的內容有點繁瑣，又一直重複，感覺像機器人,2.833333333333333,6.5
對有一些理論的觀念還是很模糊,3.571428571428572,3.083333333333333
發成績，進步了，很不錯,6.916666666666667,6.428571428571429
上的比較趕,3.5,3.0
有點深度，但是能考驗我們的能力,5.928571428571429,3.583333333333333
很有趣，但白板上的字偏小,5.916666666666667,3.071428571428572
雖然複雜，但也不是到很難懂,4.857142857142857,3.833333333333333
這一章還蠻好懂的,6.25,4.333333333333333
今天上的我覺得有些地方有點模糊,3.666666666666667,2.785714285714286
今天上的有點難，有點跟不上,3.6,3.714285714285714
依舊要認真學習，才能把這門科目學好,5.916666666666667,4.166666666666667
很多部分聽不太懂，需要加油了,3.785714285714286,2.928571428571428
我又學到更多東西了，謝謝老師精彩的上課,7.4,6.428571428571429
思路清楚，解釋淺顯易懂，好課,7.0,4.357142857142857
已經逐漸理解這堂課究竟在教些什麼了,5.666666666666667,3.083333333333333
今天發考卷成績有點糟，需要再接再厲，更加努力,3.166666666666667,5.333333333333333
覺得上課內容聽的蠻吃力的，很多內容需要去了解,4.083333333333333,5.0
每次都很複雜難懂，令人氣沮,1.25,6.571428571428571
老師今天講的真開心，我很努力想聽懂,7.5,5.928571428571429
老師漸進的教學，一開始先大略的點出，再一步一步的講解，讓我充分了解,6.928571428571429,3.25
這節課是我從開學以來最認真上的一節課，我覺得我學到了不少東西,7.5,6.5
今天講的學得特別的快，因為自己有經驗，老師也利用我們的經驗讓我們學的更好更快,6.857142857142857,5.0
今天教得很快  不理解部分內容,3.714285714285714,4.0
恩....感覺真的挺複雜的，應該要好好念書才是,3.916666666666667,3.642857142857143
整體來說不錯,5.583333333333333,1.416666666666667
讓我覺得不知如何是好，因為我根本沒學過，那要怎麼去做啊,1.583333333333333,7.416666666666667
發現邏輯都一樣，感到非常神奇,6.75,7.75
今天的課滿具有思考性的,6.666666666666667,4.285714285714286
回家要好好複習今天所教的,5.666666666666667,4.166666666666667
今天感覺被開拓了很多新的知識,6.416666666666667,4.25
今次在課堂上使用太多專有名詞，有些聽不懂,3.583333333333333,3.666666666666667
我覺得教的有點快，而且作業的量有點太多,2.916666666666667,5.214285714285714
希望老師上課能人性化一點,2.916666666666667,4.666666666666667
我覺得課程越來越難，有些專有名詞都講得太自然一下就帶過,2.642857142857143,4.857142857142857
今天講了許多東西，收穫良多，回家得開始寫作業了,6.25,3.714285714285714
今天的內容好像有點複雜，雖然有解釋，但還是不太理解,3.714285714285714,2.333333333333333
昨天上課很多人不專心，我認為非常不應該，這樣不僅對老師不尊重，更本末倒置了,1.916666666666667,6.8
在自己的閱讀過後相信能吸收得很好,6.5,3.285714285714286
我覺得自己還是先把目前該做的做好，然後再考慮其他事情吧,4.666666666666667,4.333333333333333
今天講解的沒昨天詳細,3.714285714285714,2.416666666666667
上課的時候，只看PPT很容易就恍神掉了,4.071428571428571,3.3125
上完課之後讓我對所學有了新的認識與了解,6.416666666666667,4.666666666666667
舉了一些例子，感覺更容易懂,6.083333333333333,3.785714285714286
因為很多沒接觸過，加上上課進度很快，所以有時候跟不太上,4.083333333333333,4.5
今天提早下課，真的超級開心的,7.833333333333333,8.071428571428571
教室裡的味道很可怕,1.5,7.0
如果老師講得更多，我相信可以學得更多,6.25,5.214285714285714
此處應該要多加鑽研,5.857142857142857,1.916666666666667
舉了很多實例，能夠把這麼艱深的東西變成清楚明瞭，真的很厲害,7.785714285714286,6.214285714285714
覺得這次的上課內容很神奇，很複雜，但是很好玩,7.571428571428571,6.428571428571429
有點不是很了解，還得再看課本才能跟上,4.416666666666667,4.333333333333333
目前的內容都算簡單，並且這周課程比起之前有吸引力許多,6.785714285714286,4.142857142857143
有點難以理解，希望多練習有幫助,5.0,3.9
上課使用的譬喻法跟例子很難懂,2.583333333333333,3.333333333333333
先預習再聽這堂課特別有感覺,6.857142857142857,5.428571428571429
聽完老師的講解，讓我開始產生了學習興趣,6.916666666666667,5.166666666666667
今天上完後，對各種的應用工具更加地了解了,6.333333333333333,3.916666666666667
聽不懂，而且有時候會有點想睡覺,3.083333333333333,1.916666666666667
下個禮拜要考試來著，感覺要熬夜看書了,3.833333333333333,4.25
以前看過相關的書籍，上完課才知道可以延伸到這麼多地方,6.357142857142857,4.0
認識了基本原理， 收穫豐富,6.5,4.25
對於今天教的內容有深刻的了解,6.916666666666667,4.333333333333333
我覺得學了不少東西,6.166666666666667,3.5
明顯感覺今天教學內容有放慢腳步，有時間可以思考及回想今天上課內容,6.333333333333333,3.0
覺得還需要自己回去看課本理解比較能融會貫通,4.333333333333333,2.928571428571428
我覺得這是一個嚴重的問題，需要我們好好探討,3.416666666666667,5.642857142857143
今天講到很多方法相似的地方，讓人思考很多,5.666666666666667,2.083333333333333
都不太會，也不敢問，覺得很無助,2.214285714285714,5.642857142857143
課程內容可以讓整體思考能更加有效率,6.785714285714286,3.642857142857143
概論部分易懂，希望細節的部分可以提更多例子，能更清楚它的優缺點,5.416666666666667,3.583333333333333
覺得老師會給學生一些未來的方向，還有說一些很實際的東西,6.583333333333333,4.333333333333333
半小時就能學會，讓我吃了一驚,6.071428571428571,7.666666666666667
我要認真學習，為以後打好基礎,6.571428571428571,5.285714285714286
覺得老師上課很吸引人,7.416666666666667,4.833333333333333
今天上課讓我收益頗多，也讓我了解到我從開學到現在所學到的東西,7.357142857142857,6.583333333333333
這門課比想像中來的更有趣,6.5,5.916666666666667
明天要考期中了，要好好把以前寫的功課好好讀過一遍，認真讀期中考,6.857142857142857,5.333333333333333
今天我獲益良多，學會了許多方法，對我日後非常有幫助,8.0,5.416666666666667
上課內容越來越接近我們日常生活中會接觸到的東西，很好玩也很有意思,6.75,5.75
教了一些方法，感覺蠻酷的,6.916666666666667,5.142857142857143
雖然不是很清楚，但這週會把他看完,5.0,2.928571428571428
期待能夠學到更多,6.166666666666667,5.583333333333333
教得有點快，但細節還蠻清楚的,6.0,4.416666666666667
這章一整個不懂,1.416666666666667,6.9
常常會搞不清出老師教到哪裡，浪費許多時間在尋找內容上,2.785714285714286,6.333333333333333
不知道為甚麼，今天聽老師的課特別有精神,7.0,5.071428571428571
各種新名詞解釋的還不是很清楚，感覺就像是在跟已經懂的人聊天,3.0,4.333333333333333
今天上的好像比平常自己在學得要更接近了,6.333333333333333,4.785714285714286
板書有點小有點亂，做筆記時比較難整理,4.0,3.928571428571428
上課方式有點死板，後悔選了這門課,1.357142857142857,5.25
這幾次上課我發現，原來老師其實只是上課比較嚴厲，其實人還不錯的,5.583333333333333,4.833333333333333
今天教的東西，讓我有了更多概念和想法，實在是獲得許多啟發,6.75,5.916666666666667
利用上課所學後，思考變得容易,6.25,3.5
拿到課本後，有聽不懂的，也可以看一下課本讓自己更瞭解上課的內容,5.083333333333333,3.0
今天的課程我很喜歡，如往常的一樣學到很多東西,7.333333333333333,4.857142857142857
才隔一天竟忘得差不多了，講的是內容是很難又很重要的東西,3.5,7.333333333333333
因為對這方面還算有興趣，之後應該會選相關的課,6.4,4.0
雖然已經有減慢速度，但是我依然搞不懂今天的內容,3.428571428571428,4.357142857142857
今天講的東西了無新意，一開始差點睡著，後來有醒著了,2.5,2.75
今天上的很有趣，例子生動，生活中看得見，值得學習,6.916666666666667,6.0
今天的課程，吸收率up up，可能是講得比之前慢的關係吧,7.0,6.0
老師教得真的很清楚，受益良多,6.416666666666667,3.785714285714286
我一直抱持很高的興趣，希望能介紹多一點相關知識,7.142857142857143,5.916666666666667
今天上的比較符合時代趨勢，獲益良多,6.583333333333333,3.166666666666667
聽說這章可以輕鬆上手，聽到這樣我覺得相當安心,6.857142857142857,3.25
今天上課老師講了很多，但我都聽不懂,2.25,3.666666666666667
教授上課內容讓我產生了共鳴,6.666666666666667,5.0
今天上的速度是我能理解的速度，我上的很開心,7.571428571428571,4.916666666666667
今天老師講了許多例子，讓我們腦力激盪一番,5.75,3.583333333333333
今天的課程，我覺得比上次的難耶，內容不太好理解,3.416666666666667,3.833333333333333
我覺得今天學得很精實,6.416666666666667,5.928571428571429
真的是講好快喔，蠻出乎意料的就已經結束了,4.0,6.416666666666667
今天我覺得老師教得很好，會適時問大家問題，講的也比較生活化，會讓我們比較融入比較抽象的世界,7.666666666666667,4.642857142857143
希望可以更詳細的多講解一些，因為有些我以前從沒有碰過，會看不太懂,4.166666666666667,3.5
感覺比前陣子教的東西又更難些了，要趕上進度有點累,3.5,4.928571428571429
需要細心的思考才能最清楚的呈現，這是我需要學習的地方,5.666666666666667,4.166666666666667
覺得好難，看來得更拼了,4.75,5.5
這禮拜坐起來比較不會像上次那麼擠，上起課來也比較舒服，讓我更容易聽老師的講解,7.571428571428571,4.666666666666667
開始聽的有點吃力，越聽越不懂了,2.416666666666667,4.857142857142857
老師在上課的時候不停地以互動的方式讓我們思考，也使我們更能深入探討其中的意義以及更加印象深刻,6.928571428571429,4.75
喜歡老師上課的方式，覺得開發這些東西的人真的很厲害,7.0,5.642857142857143
之前沒碰過這個領域，所以讀起來有點吃力,4.083333333333333,3.666666666666667
今天發下考試成績讓我還蠻開心的，因為跟上次比有很大的進步，算是我努力有了些代價吧,6.5,7.25
雖然只是一些皮毛，不過我認為基礎也是很重要的,5.714285714285714,3.785714285714286
今天上的課程之前大概了解過，並不會太困難,6.285714285714286,4.25
今天上課有一段聽得比較不清楚，但是上課內容都很好,6.0,4.333333333333333
今天上課精神不錯，老師講的東西都有聽進去，覺得越來越能跟上老師教學的步伐了,7.0,5.0
老師很用心的放慢步調一步一步解釋,6.166666666666667,4.666666666666667
上課內容聽的蠻吃力的，有些術語聽不太懂,2.928571428571428,5.583333333333333
今天得知下週期中考的消息，實在是有點驚慌，有點抓不到考試頭緒,3.071428571428572,6.3
這次上課還是有點趕,3.5,3.428571428571428
這次的考試的範圍比較難，使我的心思都放在上面,4.416666666666667,4.428571428571429
今天的課讓我很感觸很深,6.857142857142857,6.75
今天課堂其實有種吸收不良的感覺,3.785714285714286,2.583333333333333
覺得上課速度有點快，希望能慢一點,4.083333333333333,4.25
這個專案還蠻有意思的，有受到一些啟發,6.583333333333333,4.285714285714286
上了那麼久，還是沒有找到學習熱忱,2.166666666666667,3.357142857142857
今天上了未來科技可能會發生的事，讓人感到十分興奮,8.333333333333334,8.083333333333334
對期末考的結果感到很失望,1.416666666666667,6.666666666666667
我覺得上課時進度有點快，有點吃不消,3.571428571428572,3.916666666666667
覺得自己還有很大的進步空間,5.142857142857143,4.857142857142857
上的非常快，不太好懂，就盡量聽了,3.9,3.583333333333333
明天就要考試了，這章頗有難度，希望別出太難,4.5,3.857142857142857
有些概念還是有點抽象，不是那麼好理解。希望可以再詳細一點介紹,3.916666666666667,4.142857142857143
對於內容的描述更詳盡了,5.928571428571429,3.214285714285714
鼓勵我們多多回答問題，很棒,6.5,5.75
今天教的內容令我感到神奇,7.166666666666667,6.333333333333333
雖然有聽懂，但是還是會忘記,4.6,3.214285714285714
今天提早下課，很棒,6.416666666666667,5.214285714285714
我會盡自己所能來完成這項艱鉅的任務,7.0,7.0
還是需要很多時間去熟悉,3.916666666666667,2.75
今天介紹的東西我覺得很好玩，而且講完之後，就有種好像可以利用今天學的知識來看看，感覺很酷,8.666666666666666,7.166666666666667
對今天上的概念都有了解了,6.0,3.083333333333333
我覺得這部分的知識相對比較無趣,3.666666666666667,2.666666666666667
我覺得特別有興趣，也能特別的專注,7.785714285714286,5.928571428571429
說得很精采，讚讚，讓我收穫良多,7.285714285714286,7.083333333333333
大概了解在說什麼，不過還是要再讀幾遍才能完全了解,5.083333333333333,3.75
今天講的內容比較深入一點，我有點亂了，尤其是上課最後講到的地方，覺得邏輯有些怪怪的了,3.75,5.833333333333333
老師點同學問的問題大部分的人很難回答出來，比較專業的東西都得回去查才能知道,3.8,4.2
今天上完了全部的課，想到之後尚不到老師的課就感到有些可惜,5.333333333333333,6.083333333333333
今天上課介紹的非常清楚，讓我又增加了許多過去所不懂的知識,6.857142857142857,5.0
老師多講了幾次之後才有漸漸聽懂，不過沒有完全懂,4.083333333333333,3.071428571428572
教得好快，大部分題目聽不懂，好多假設好麻煩呀,2.666666666666667,7.0
今天還是有點收穫，老師講了很多我不知道的東西,5.833333333333333,3.583333333333333
課堂幽默風趣，講得很好，棒棒，受益良多,7.5,6.166666666666667
科技進步好快喔，將來一定會讓我們大開眼界,7.25,6.785714285714286
上了這堂課之後，我覺得我學到了很多東西,6.583333333333333,5.916666666666667
雖然還不是那麼熟悉，但我會更精進自我,7.0,6.083333333333333
看到有考試和很多的作業就有點害怕了，只好趕緊做吧,4.071428571428571,5.375
今天說的讓我更清楚了解內部運作的方式,6.0,3.214285714285714
喜歡聽老師講課，敘述的十分生動,7.416666666666667,3.916666666666667
自覺還需要再加油， 自我勉勵,5.0,3.642857142857143
上完這次的課以後讓我學到了很多,6.416666666666667,3.0
我覺得上課就要有上課的態度應該好好向學,5.833333333333333,5.928571428571429
聽老師講課覺得很精彩，都不會想睡覺,6.666666666666667,4.5
出了好多作業覺得寫不完，希望作業的量可以少一點,3.25,4.5
今天我都在讀別科，所以老師在說甚麼我都沒在聽，結果老師發現我們沒在聽就不講了,2.666666666666667,3.5
有一些專有名詞根本聽不懂，不知道在上什麼,2.642857142857143,5.5
我認為這個章節是比較能貼近我們現在所學的，較能夠與自己所學做連結的章節,6.071428571428571,4.583333333333333
今天上的有點聽不太懂，回家要好好研究一下了,4.416666666666667,3.5
這次課堂的內容聽懂部份多，感覺不錯,6.5,2.833333333333333
才第一次接觸就感覺困難程度上升很多,4.666666666666667,5.214285714285714
今天上課很好玩，講課生動,7.166666666666667,4.75
一開始不懂，但過了一下就瞭解了，一懂了就覺得超開心的,8.0,8.25
因為是新章節的開頭，所以比較輕鬆,6.142857142857143,4.666666666666667
我覺得老師有一點教得太快了，希望能放慢腳步，讓同學聽懂比較重要,3.916666666666667,5.166666666666667
上課內容慢慢地加深，上課要更加認真,5.583333333333333,3.714285714285714
仍有些不太了解，看完課本後有比較知道大概整個邏輯了，希望老師在講課時可以再詳盡一些,4.583333333333333,4.333333333333333
上課有點嚴謹，不過是好事,5.75,2.5
聽了不少內容，不過還是希望老師可以講得更詳細一些,4.5,2.833333333333333
進度與考試有點趕，希望自己能跟上,4.333333333333333,5.083333333333333
回去有特別去查，所以能稍微了解，好棒棒,5.583333333333333,6.083333333333333
今天上課有點快，但還能跟得上,5.166666666666667,3.083333333333333
這一學期來學了非常多的東西，也很感謝老師的教導,7.583333333333333,6.666666666666667
感覺老師今天還是很不爽，一直噴人，然後對學生一直很壓迫得問問題,1.428571428571429,6.916666666666667
今天講的總算勉強能聽懂了,5.5,4.0
老師的嗓音低沉，讓人非常想睡覺,2.75,3.5
老師鼓勵我們多自己動手實作才會真正懂得應用,5.666666666666667,3.214285714285714
需要大量的時間消化,4.285714285714286,4.583333333333333
教科書不是中文，很痛苦,2.571428571428572,7.1875
今天上課覺得有點偏難，有點聽不太懂，而且上課有時候還沒能消化，又進下一個章節，但我會努力的,5.0,5.25
以前沒有考慮到那麼詳細的問題，今天之後大概知道要怎麼做了,5.714285714285714,3.0
課堂上提到的例子，令我大開眼界,7.0,6.583333333333333
只用一節課帶過有點匆促，沒辦法完全吸收，十分難理解,2.416666666666667,6.0
今天教了許多不同的題目，我覺得真的很難,3.857142857142857,6.25
今天的課程我覺得還滿酷的，完全沒有覺得無聊或想睡,7.583333333333333,5.75
整堂課都很專心聽，但要說出今天學到什麼卻說不出個所以然,2.916666666666667,4.571428571428571
今天上課講解了一些例子，我覺得我更瞭解在說什麼了,6.083333333333333,5.142857142857143
這個單元略為複雜，希望在課程結束之前能夠完全聽懂,4.333333333333333,3.928571428571428
受益良多，感受到老師的用心良苦,6.5,3.25
今天上課內容非常的多，老師講的也有點快，有點跟不上，但大致都可以聽懂,5.071428571428571,3.666666666666667
對課程內容不是很了解,2.833333333333333,3.0
習題的部分，希望能有習題講解,4.833333333333333,2.928571428571428
上的比前一次還要來得簡單多了,6.285714285714286,3.833333333333333
聽說另一個班提早下課，很緊張我們班的進度是不是比較慢,4.0,5.583333333333333
很複雜，上課都聽不懂,2.428571428571428,4.785714285714286
覺得很有趣，會再找時間深入了解,6.583333333333333,3.0
有些部分一時之間消化不了，會有點跟不上進度,3.357142857142857,4.214285714285714
在一些題目練習後，希望能更融會貫通,5.5,4.142857142857143
又學習到了不少新的知識,7.142857142857143,4.428571428571429
看到成績嚴重打擊,1.833333333333333,7.857142857142857
今天教的我覺得有點複雜,3.916666666666667,3.0
理論的課程實在無法吸引我的興趣,3.333333333333333,4.3
算是有了初步的認識，不過不是很了解,4.571428571428571,2.083333333333333
若在課堂上有實際使用板書推演說明會更清楚,5.0,3.166666666666667
雖然有時候要花些時間想想，但是還算跟的上,5.416666666666667,4.071428571428571
我覺得老師教的蠻普通的，沒甚麼特別,3.833333333333333,2.75
今天從老師那學習到了很多知識，相信一定對我有所幫助,7.357142857142857,5.0
要寫報告了，感覺不會很難，也更會加深我們對於這方面的認知,5.916666666666667,3.928571428571428
我覺得很有趣，聽的滿清楚的，也知道一些運用方式,5.916666666666667,5.5
可以跟得上，只是有點難,4.7,2.666666666666667
提到下課時特別讓人有精神,6.857142857142857,6.0
今天的課程討論 ，雖然有些不好懂，但是慢慢翻課本後也可以了解,6.083333333333333,2.916666666666667
今天上課講的故事都蠻有趣的,6.583333333333333,4.714285714285714
今天學到的東西對於未來有極大的幫助，也對於我未來學業有重大的幫助,7.5,5.416666666666667
老師有時候會從實例中推理，教我們一些人生哲學,6.357142857142857,4.142857142857143
教的東西有些少，練習有點無聊,2.5,2.666666666666667
老師每天都好認真，好有趣喔,8.416666666666666,6.357142857142857
我認為可以稍微補充以及多舉些例子，好讓我們比較容易理解,4.833333333333333,3.642857142857143
不甚理解這些專有名詞的意思,3.916666666666667,2.666666666666667
今天上課上的比較慢，所以比較聽的下去,5.416666666666667,3.214285714285714
覺得老師很幽默，哈哈,7.071428571428571,5.285714285714286
感覺很不熟悉，一直跳來跳去的講,3.0,5.166666666666667
今天上的部分大多是應用方面，了解起來比較容易,6.166666666666667,3.642857142857143
我一定會努力學習，讓自己不被當的,6.333333333333333,5.666666666666667
這堂課讓我還滿有興致的,6.666666666666667,5.5
今天上課內容很有趣，但是仍然不是很懂,4.666666666666667,3.75
覺得今天上課的速度有一點快，還沒有抓到今天的重點,4.285714285714286,4.083333333333333
因為有些基礎還不知道，所以有點聽不懂,4.0,3.666666666666667
還不太適應老師上課的方式,4.0,2.428571428571428
這次課堂的內容較簡單,5.333333333333333,3.071428571428572
這堂課收穫滿滿，很開心,8.083333333333334,6.285714285714286
對我來說還是很困難，有時候比較難反應過來,3.083333333333333,4.416666666666667
學到了很多東西，感覺受益良多,7.4,3.142857142857143
課室有點冷，因為冷氣外加風扇好像太涼,4.25,3.785714285714286
老實說聽過之後依然一知半解，還在努力理解中,4.083333333333333,3.75
有點看不懂而且看不清楚,2.928571428571428,4.166666666666667
上完這堂課，我覺得受益良多,6.833333333333333,5.083333333333333
內容豐富有趣生動，講解詳細,6.666666666666667,4.0
老師上課展現的邏輯及歸納能力的強度，真是嘆為觀止啊,8.416666666666666,7.083333333333333
上課提到一些有趣的內容，更提起我的興趣去思考,7.428571428571429,6.5
覺得今天的內容講的很清楚，速度也剛剛好,6.857142857142857,6.083333333333333
我覺得自己對課程的理解還不足,4.0,3.75
講了一些拉哩啦紮的，我真的覺得沒必要搞得那麼複雜,1.75,5.928571428571429
對於新手來說，所有的專業名詞都是未知的問題都不懂,3.083333333333333,4.0
今天的稍稍探討後才發現，原來連一個看似普通的問題，背後卻有那麼多要學習的,5.75,4.0
不了解題目的意思以及題目考學生的目標，在準備考試的過程中顯得有些沒有方向，希望下次考試能夠拿到不錯的成績,4.25,5.285714285714286
這一章有點複雜，覺得難度比之前的高,3.5,3.428571428571428
有時候就會不太懂課本上在講什麼，回家就要重新唸一次，效率不高,3.5,4.75
有許多地方不太懂，進度十分快速,3.583333333333333,4.583333333333333
我覺得這是非常新的東西，雖然有一些難懂但是會努力地去理解,6.0,4.5
今天講的對我來說還是太複雜了，需要自己再多看書去理解,3.5,3.166666666666667
已經快上完了，我還是不太了解，講的也有點難懂,3.25,4.357142857142857
今天講的在實際工作中運用很廣，對學習幫助很大,7.166666666666667,5.0
今天內容我都很有興趣，更加了解了各部份的細節，也增廣了更多知識,7.083333333333333,5.083333333333333
今天教得讓我獲益良多,6.5,5.333333333333333
希望之後自己要專心別晃神太多次,4.333333333333333,3.642857142857143
今天的學習學到的內容想必未來能得到幫助,6.75,5.083333333333333
老師很有趣，還能學到許多知識,6.7,4.428571428571429
有時會斷麥，聽起來稍微有些吃力,3.785714285714286,3.6
我覺得老師用心良苦阿，有配合著課程進度再走,6.75,3.5
今天把之前的全都串連起來了感覺都通了,6.785714285714286,5.357142857142857
或許我真的不適合這門課，到現在還是聽不懂,2.583333333333333,5.0
今天教的我還蠻有興趣,6.357142857142857,4.75
今天的課程較短，不過還是學到了一些東西,5.166666666666667,3.714285714285714
對今天的課程不太感興趣，很多東西沒印象,2.25,2.5
經過老師詳細講解，複雜的內容都變得簡單,6.583333333333333,4.214285714285714
寫作業跟考試看題目都有一點小困難,3.928571428571428,3.642857142857143
今天精神狀態比較差，所以沒有好好仔細聽,3.916666666666667,3.785714285714286
聽說能夠學到很多東西，讓人躍躍欲試,6.833333333333333,7.25
今天只大略講了一些，不過已經引起興趣了,5.833333333333333,2.666666666666667
對於課程的內容，有點不太明白,3.642857142857143,3.916666666666667
講解入微 使我能夠深刻了解運作方式,6.0,3.25
原來在這方面我的認知還不夠多，多謝老師幫我普及知識,7.642857142857143,5.6
今天講到的東西，比較跟生活相關，也比較好理解,6.071428571428571,4.8
有點難懂，不太明白是如何得出這結論,3.5,4.142857142857143
上半節上的聽得很清楚，下半節的有點沒懂,4.916666666666667,4.142857142857143
感覺還是有地方聽不懂，希望能多加解說,4.083333333333333,4.75
覺得這門課博大精深專題也頗具挑戰性,5.857142857142857,5.071428571428571
覺得相當有趣,6.785714285714286,3.583333333333333
今天的課很有深度，對時事做了很多批判，老師上課很用心,7.666666666666667,6.416666666666667
今天是大開眼界，見了許多從未見過的,6.416666666666667,4.0
之前了解的都很少，上完課後獲益良多,6.6,3.785714285714286
今天上課其實聽得很吃力,3.5,3.785714285714286
今天上的內容需要想比較久,4.583333333333333,4.5
很高興聽到老師上課，教了與我們息息相關事情,7.333333333333333,3.583333333333333
覺得專題以現在老師的標準會非常難做出來,3.5,4.428571428571429
這次有點太快了，還是有些不理解,3.714285714285714,4.916666666666667
感覺最近上的東西都有點重複，希望可以講一些新東西,3.416666666666667,2.642857142857143
聽完課才知道原來我會的不多,3.666666666666667,4.833333333333333
考試考到都沒自信了,1.75,5.5
被老師這樣講我還蠻不高興的,2.416666666666667,5.75
感謝老師和我們分享一些訣竅，很好笑也很實用,6.666666666666667,5.071428571428571
我覺得今天教得十分有趣，也讓我十分感興趣,6.75,4.833333333333333
作業繳交希望可以用上傳檔案的方式，印出紙本多少會造成不便,4.833333333333333,3.083333333333333
這樣的速度會不會太快了一點，真正聽進去的也沒很多,2.083333333333333,6.75
其實聽了這麼多，還是有點一知半解,3.666666666666667,2.833333333333333
上課中間沒休息，一下子接收太多東西，這實在是有點會消化不過來,2.5,3.333333333333333
老師的講解還是有用的，課程有蠻有趣的,6.416666666666667,3.785714285714286
上課一開始還算可以， 後面就變得有點吃力了,3.857142857142857,4.0
聽完今天的解說後，又讓我有了更加一步的理解，而且我本身也頗有興趣的,6.571428571428571,6.25
這堂課最吸引我的就是期末專題的製作，一直以來都想用自己的力量做出一個可以解決生活問題的東西,6.166666666666667,6.142857142857143
因為答不出問題而被處罰，覺得很丟臉,1.583333333333333,7.5
雖然有聽懂，但是還有模糊的地方,4.833333333333333,2.0
有實例又新鮮的主題，總是特別吸引人,6.916666666666667,4.928571428571429
這次在課堂上聽到了不少最近的時事配合著課程一起介紹，讓人從有點想睡的狀態下脫離，挺起精神來聽,6.75,5.5
剛開始的時候有點懵懵懂懂，這一次終於釐清相關的概念,6.333333333333333,5.0
今天講的有點難，一恍神就聽不太懂了，好險我的同學懂，希望下次不要再恍神了,4.666666666666667,5.071428571428571
還不太能理解，可能是現在能力還不足的原因吧,3.666666666666667,4.0
今天清楚了解到電腦的運作原理,6.583333333333333,2.5
還算聽的懂，感覺滿有趣的,5.916666666666667,2.916666666666667
我覺得我今天聽不太懂，回去要好好再看一次,4.285714285714286,3.5
雖然只講到一點點，但還是很有興趣,5.416666666666667,4.833333333333333
老師在問問題的時候，可否放大音量，不然都不懂在問什麼。,3.1,5.571428571428571
今天的課程對我來說還算滿新鮮的,6.583333333333333,4.714285714285714
今天講了很多專有名詞，聽不太懂，讓人有些困惑,3.666666666666667,4.285714285714286
教得很清楚,5.5,2.857142857142857
對於課程內容有了初步的理解,5.583333333333333,3.428571428571428
無法引起上課的求知慾,1.75,3.166666666666667
課本習題又多又難，晚上要查清楚題目的意思,3.166666666666667,5.285714285714286
我充分理解了，更明白了這課程的意義,6.5,5.333333333333333
雖然說收穫很多，但是我覺得教得還是有一點快,5.75,3.166666666666667
今天的課程還是不太清楚，希望未來能了解更深,4.0,3.428571428571428
回家應該多看課本複習，這樣下次上課才不會忘記,6.25,2.666666666666667
比起之前所學的知識來說今天教得更加深入， 受益良多,7.5,6.0
老師清楚的講解，讓我很快就能了解這章節的目標,6.333333333333333,2.666666666666667
我還是搞不清楚到底是怎麼運作的,3.25,5.583333333333333
好複雜，我覺得有時候可以再稍微慢一點點,3.5,3.916666666666667
今天講了很多，尤其某部份讓我印象深刻，我覺得真的很厲害,8.333333333333334,6.9
讓我對於平常熟悉的數字多了一點點未知的新鮮感,6.083333333333333,4.857142857142857
概念是有了，只是細節還是要再看看,5.25,3.25
希望能腳步放慢，讓同學能更加理解,4.571428571428571,3.571428571428572
今天認識了各種方法與其擅長之處，希望以後能學習到這些東西,6.75,4.5
今天的課感覺變有趣了,6.75,5.071428571428571
上課的內容較第一堂課容易懂，滿有趣的,6.857142857142857,4.928571428571429
我今天在課堂上還是搞不太清楚，有些地方還是很模糊,4.0,4.666666666666667
今天上課講的東西有點抽象聽不太懂,3.714285714285714,4.25
感覺收穫特多,7.416666666666667,4.428571428571429
讓我學到了不該只專精於一種方法，要各個都要有涉略,6.583333333333333,4.714285714285714
今天講得比較少一些，但還是非常清楚,5.583333333333333,3.5
今天上了深入的兩節課，受益良多,6.083333333333333,3.583333333333333
這是很重要的課程，要好好學習,6.25,4.142857142857143
中英文混著講，真的聽不懂,2.333333333333333,3.916666666666667
今天上完課，覺得好辛苦,3.083333333333333,4.833333333333333
聽不太懂,3.25,3.071428571428572
進度有點跳得太快了，希望能稍微放慢一點,3.5,4.0
沒課本有點茫然,3.833333333333333,2.166666666666667
今天教得很棒,7.142857142857143,4.214285714285714
感覺很快就上完了，有點搞不清楚,3.285714285714286,4.571428571428571
要考試了，還有一些內容不太了解，要回去複習，盡自己的實力考出好成績,5.428571428571429,5.0
今天老師以生動活潑的方式和我們互動討論，帶回很多值得我們詳加思考、探討更深入的內容,7.428571428571429,5.785714285714286
隨著時代的變遷，這個議題愈顯得重要，值得我們一再的探討,5.666666666666667,3.416666666666667
大家都是剛開始接觸，希望老師可以用淺顯易懂的方式讓初學者們能理解這些專業的內容,4.333333333333333,3.071428571428572
講得很仔細，但還是有點不太懂,4.3125,4.0
聽到有許多作業後才大夢初醒，希望下禮拜能以最佳狀況上課,4.916666666666667,4.857142857142857
今天學了很多，雖然並不是完全懂，但大部分都有學會,5.833333333333333,5.083333333333333
今天聽到許多學長姐在海外的工作經驗，很有趣,7.0,3.833333333333333
內容有趣吸引人,6.285714285714286,2.642857142857143
總結這學期也學到了很多東西，十分充實,7.0,5.857142857142857
今天找教授問問題，我終於弄懂了，覺得獲益良多，我很開心,7.916666666666667,5.8
我仍然還是希望老師可以把課本的內文講得更加詳細一些,4.928571428571429,5.583333333333333
學了新的，就忘記舊的，覺得有點頭疼,3.666666666666667,4.333333333333333
這堂課我學的很多，覺得時間過得特別快，一下子就下課了,7.25,6.333333333333333
雖然說是類似，不過看起來還是滿不一樣的，不知道以後學起來會是怎樣,5.333333333333333,3.071428571428572
對於今天的課，我聽不太懂老師所講的東西,3.785714285714286,3.25
這部分還滿簡單的,6.083333333333333,3.916666666666667
可惜不能更進一步的找出學習上的盲點,3.916666666666667,2.642857142857143
今天整個人昏昏沉沉的，非常的不舒服,2.0,2.833333333333333
得知下禮拜要考試後有點震驚，或許是我還沒準備好，我最近會多看一下那些困難的詞彙,4.642857142857143,6.916666666666667
真是困難啊，到目前為止尚未完全搞懂,1.833333333333333,6.5
聽完這堂課，讓我對未來的思路模式有了一部份的轉變,6.5,3.166666666666667
沒有參與感，所以覺得沉悶,2.5,3.928571428571428
最近的習題都不太會寫,3.25,3.642857142857143
今天教的無法完全理解，希望老師能解釋的更清楚。,2.75,4.916666666666667
這部份常常搞得我暈頭轉向的,3.428571428571428,5.75
因為之前都沒有去深刻的了解，所以今天聽到的課程還只是算略懂而已,4.428571428571429,4.25
昨天熬夜寫作業，上課都在恍神，老師對不起,3.571428571428572,4.5
有些能聽懂，有些還是不太懂,4.0,2.5
感覺好難喔，對很多東西都是一知半解,2.357142857142857,5.285714285714286
感覺難以理解,2.583333333333333,4.416666666666667
我覺得我還有很多沒搞懂，希望能趕快跟上,4.666666666666667,4.416666666666667
課程內容脈絡分明，能夠理解上課內容,7.75,3.357142857142857
上課很有收穫，但投影片有點暗,5.333333333333333,4.0
我們要學習勇於告知他人的錯誤，這不但是在幫助他人了解自己的缺陷，亦是給他人一個學習的機會,6.642857142857143,3.666666666666667
今天的內容還是不太懂，所以我要認真的去學習，希望可以學好,5.75,5.25
今天得到了啟發，就是我們也必需跟上時代的變化,6.0,3.833333333333333
今天上課很有趣,8.0,5.142857142857143
上了幾堂課後，了解更多了,6.25,4.583333333333333
內容吸引人,7.25,1.714285714285714
教室不通風，覺得會有打瞌睡的情形,2.583333333333333,2.416666666666667
要把今天老師講的學好並不困難,5.583333333333333,3.357142857142857
在今天的課程中學到的東西，在日後有莫大的幫助，可以提升自己在職場上的競爭力,7.857142857142857,6.583333333333333
這次上課最讓我感興趣的就是這部分,6.071428571428571,5.916666666666667
上課突然點到我，嚇了一跳,5.0,6.916666666666667
今天的課程教了很多實用的算法，覺得獲益良多,6.857142857142857,3.642857142857143
希望老師能多加解釋，不讓同學們失去學習的熱忱,4.142857142857143,4.5
我要好好研究老師今天所教的,5.666666666666667,4.333333333333333
今天老師很有興趣的講解，我覺得這樣很好，可以學到很詳細的內容,7.416666666666667,5.0
老師挺幽默的，大大增加了我們的興趣,7.083333333333333,5.166666666666667
對課程內容有些許了解了,6.333333333333333,2.5
因為這些比較貼近生活，讓我覺得還蠻有趣的,6.75,4.428571428571429
今天教了很多東西，不過覺得上得有點快，一下就帶過了，有點消化不良,4.166666666666667,4.75
大致能了解基本的原理與運作方式,5.714285714285714,2.166666666666667
今天的內容很有意義，希望我能聽得懂,6.357142857142857,2.75
一開始有點聽不懂，可是感覺對以後很有幫助,5.75,4.333333333333333
上課速度及音量適中，尚能跟上步調,5.5,2.285714285714286
課本舉出的幾個例子，我覺得有幾個比較好理解，另外的就要好好研究了,5.785714285714286,4.357142857142857
對於今天的課程還是沒有非常了解,3.916666666666667,4.333333333333333
這禮拜的課程開闊了我的視野，看見了平常不曾看過的產品,7.25,4.642857142857143
作業部分還是都霧煞煞 沒有辦法自己處理作業部分,2.333333333333333,4.25
學到了很多東西，讓我很有興趣，希望未來能夠了解更多有關的事情,6.75,6.916666666666667
今天的課程很有趣，舉了一些有趣的例子，讓我激起興趣,7.25,6.333333333333333
其實我不是很懂現在在教什麼，或許該先好好看看課本吧,3.916666666666667,5.25
今天上了很多東西，但是我聽得懂的還是不多,3.285714285714286,2.5
今天很累，沒仔細聽,3.214285714285714,2.25
這堂課也是很充實，不過上起來真的很累,5.416666666666667,4.2
完全沒有相關基礎的我，雖然認真聽還是覺得霧煞煞,3.25,2.928571428571428
上課有同學發問更能提高理解力，還請老師今後不辭辛勞地教導我們,8.0,5.916666666666667
對我來說吸收這些知識仍然有些吃力，希望老師速度能放慢,3.333333333333333,3.857142857142857
期許自己能夠舉一反三，學習更加輕鬆快樂,6.416666666666667,5.166666666666667
我要持續不斷的精進改善我的讀書方法,5.75,5.833333333333333
下禮拜要複習期末考，我好興奮,6.916666666666667,7.714285714285714
對課程的了解非常的模糊,2.785714285714286,5.833333333333333
今天的課程很有趣，可以從中多多學習,6.416666666666667,3.25
上課老師講得內容雖然不是很懂，但是仍然覺得獲益良多,5.7,3.5
希望能在聽取更多，謝謝老師用心的教導,6.75,3.142857142857143
明白了自己以後可能接觸到的是甚麼樣的場景，好像更加清楚了這個職業,5.75,5.333333333333333
內容有趣所以比較精神,5.75,3.25
今天上課內容一樣很充實跟很多，需要一點時間好好消化,5.916666666666667,4.416666666666667
今天上課非常有意思，讓我收益頗多，學習起來更輕鬆,6.75,5.583333333333333
講得有些聽不懂，課程也不太了解,3.75,4.0
上太快了，希望講解時能說慢點，這樣大家才比較好理解,3.583333333333333,4.416666666666667
因為還不是那麼熟悉，所以還需要一些練習，希望可以越來越熟練,5.166666666666667,2.916666666666667
現在上課的節奏真的越來越快了,4.916666666666667,6.166666666666667
老師舉了很多生動有趣的例子,6.083333333333333,4.142857142857143
清楚地瞭解了歷史人物對於社會的貢獻,6.333333333333333,4.928571428571429
我聽不太懂內容,3.142857142857143,2.5
今天再次講解了各種形式的算法，也複習了昨天的課程，對內容更了解,6.571428571428571,2.5
老師舉了非常多的例子，讓我獲得非常多的資訊,6.583333333333333,3.25
我今天學完後，就想體驗一下,6.642857142857143,4.75
今天教了不少東西，讓我獲益良多,6.75,5.666666666666667
後半堂課精神不濟，學習效率變差,2.583333333333333,2.916666666666667
麥克風斷斷續續的，聽得很辛苦,2.5,2.833333333333333
今天講的內容跟我們日常生活很有關係，因此聽得還不錯,6.416666666666667,4.5
有些地方當下無法領悟，回宿舍在依照書來學習,4.714285714285714,3.5
今天教了許多以前沒有學過的東西，所以上起課來很新鮮,6.642857142857143,4.785714285714286
考試有念所以對分數很滿意，之後得繼續再接再厲,7.071428571428571,5.071428571428571
下禮拜就要考試了，我覺得我要努力弄懂才能有好成績,5.166666666666667,4.9
總算都上完了，開心呦,7.583333333333333,7.5
今天上的內容非常的有趣,6.75,5.5
我覺得今天講的東西特別好笑，覺得今天很有趣,7.583333333333333,7.666666666666667
我覺得好像有更了解一點了,6.0,4.785714285714286
有些專有名子不太熟悉，聽起來比較吃力,3.583333333333333,3.642857142857143
這個想法很特殊，有很多學問值得研究,6.0,3.583333333333333
我認為今天的課堂內容相對容易,5.785714285714286,2.75
我覺得這個部分需要自己理解與上網找資料才能學得更好,4.916666666666667,5.25
這次上課真的很重要，能讓自己的想法更清楚,6.333333333333333,5.166666666666667
整體而言，勉強可以聽得懂,5.416666666666667,3.416666666666667
今天學到許多知識，也感謝老師親自示範講解,6.416666666666667,4.416666666666667
今天的課程讓人有種比較緊湊的感覺，要看課本複習了,4.428571428571429,4.833333333333333
希望能夠講解詳盡一些，這樣才能有更好的學習成效,4.714285714285714,3.833333333333333
老師深入淺出的解說，又給了我們一些例子，讚讚,7.583333333333333,4.928571428571429
這期間我努力調整自己的步調、適應，相信之後會有更好的學習成效,6.642857142857143,5.5
回家再看過課本一次，更加深了對上課內容的了解程度及印象,5.833333333333333,3.25
上課內容豐富有趣,6.666666666666667,4.0
今天教的還能跟上進度，我覺得教得很好,6.785714285714286,3.071428571428572
學了不少東西，覺得很有趣,6.666666666666667,4.714285714285714
覺得課程進度有點快，內容難以消化,3.0,4.0
老師的問題亦能帶動我思考,5.833333333333333,4.416666666666667
課程內容對於我們的學習與工作方向有極大幫助,8.0,4.428571428571429
今天的內容比較有趣，但是後來講考試的事感覺有點難，希望會寫,4.75,4.333333333333333
大家都花了很多心思，卻沒有一組令老師滿意的，做到都喪失自信心了,2.0,6.75
喜歡老師輕鬆幽默的上課方式，這種方式讓我獲益良多,7.583333333333333,5.083333333333333
有些上課聽不懂的地方，回家複習變得更加明瞭，讓我對上課的內容更加有印象,6.214285714285714,4.0
講了不少有趣的東西,6.083333333333333,2.166666666666667
一直有人講話，影響到上課的吸收和注意力,3.3,4.928571428571429
最近的課不太吸引人，不太想去上,2.0,4.714285714285714
老師講得有點快，不過還是很棒,6.714285714285714,5.5
考試沒考好，不要把我當掉阿，我會努力學習的,3.333333333333333,8.0
今天聽課聽起來相當的有感覺,6.666666666666667,4.928571428571429
今天聽到很多關於硬體的發展部分覺得相當有趣,7.2,5.0
今天教得很難，聽不太懂,2.833333333333333,3.785714285714286
終於講到現在時下最流行的話題，不會死氣板板了,5.833333333333333,5.666666666666667
介紹的很詳細，讓我有更多的了解，讚讚讚,7.285714285714286,5.625
今天講很多，希望能更詳細,5.166666666666667,4.416666666666667
有了課本之後，終於能跟上老師在說甚麼了,6.166666666666667,5.5
有點吃不消呢，希望看書能看懂,2.666666666666667,3.166666666666667
有時候沒辦法跟上板書還是看不太懂,3.25,3.75
今天上課學到很多經商的道理,6.166666666666667,2.166666666666667
聽老師上課是種享受,7.5,3.083333333333333
比前一天的內容更生動容易了解,6.916666666666667,4.416666666666667
發現原來這麼麻煩，不過真的很有趣,5.5,4.5
這次上課收穫很多，使我可以更快的想出解題方法,7.0,6.083333333333333
上課變得越來越有趣，不再是枯燥的,6.333333333333333,4.833333333333333
今天的課真的好普通，沒有特別難的地方,4.916666666666667,3.583333333333333
我對於今天課程所講的東西一無所知，最大的問題依然是我在課堂上不專心。,4.166666666666667,3.333333333333333
今天教的有點不懂，希望老師之後可以再複習一次，增加印象,4.583333333333333,3.285714285714286
覺得老師統整講解後有讓整個脈絡更清楚,6.25,4.214285714285714
我們組自認為還不錯的數次提案均被老師以沒創意駁回，我們心情極為沮喪,1.0,7.833333333333333
前幾天才看到這些內容，今天老師又幫我複習了一次，讓我印象更深刻,6.166666666666667,3.785714285714286
今天上課有趣幽默，學到很多新知識,6.0,3.857142857142857
內容平淡無奇，讀起來興趣缺缺,2.916666666666667,3.571428571428572
今天講的內容真的是非常重要的一環，可是有點難,5.083333333333333,5.0
今天上課說的東西有點難度，聽不是很懂，但是好像是很重要的東西,4.666666666666667,4.142857142857143
今天教的內容讓我充分的了解,6.857142857142857,4.285714285714286
今天上課很有趣，非常好玩,7.3,5.166666666666667
上禮拜沒讀書，今天去上課就完全忘記之前教的了,3.416666666666667,4.285714285714286
老師講得很好，吸收很多知識，受益良多。,7.785714285714286,5.714285714285714
對解決問題的概念，有了基本的認識,6.285714285714286,3.0
今天學到很多東西,6.083333333333333,1.916666666666667
學到很多以前不知道的事,5.833333333333333,3.083333333333333
今天這堂課讓我有學到東西的感覺，覺得自己必須更努力的充實這方面的知識,6.083333333333333,4.75
教得很扎實，但是中英混雜還是有點吃不消,3.583333333333333,4.571428571428571
老師上課內容講解清楚詳細，辛苦了，課程豐富,7.333333333333333,5.7
又學到了不少新的東西，真是愉快的一堂課,7.166666666666667,5.75
開始有點了解了，但還有不懂的地方,5.083333333333333,4.416666666666667
作業量變多、變難,3.75,2.833333333333333
今天講的內容非常實用,7.642857142857143,5.857142857142857
今天雖然主要是複習，可是還是聽不太懂，可能是我資質不夠吧,2.583333333333333,3.916666666666667
今天我覺得我聽不太懂，回去一定要好好自主學習，儘快跟上老師,5.333333333333333,5.6
考試作業接踵而來，令人喘不過氣,2.333333333333333,5.785714285714286
讚，老師今天教的讚,6.916666666666667,7.25
介紹到需要思考的地方，比較需要集中精神跟注意力，很有趣,6.9,3.0
老師介紹的很詳細，感覺很充實,6.416666666666667,4.071428571428571
對於老師的講解聽不太懂,3.333333333333333,2.666666666666667
課本搭配課程比較好做統整，也會比較清楚一些,5.833333333333333,2.785714285714286
對於課程有稍微的了解，但還是需要老師多示範,5.5,3.75
讓我明白了兩者之間的差異，收穫不少,6.5,4.214285714285714
老師在上課時講的很詳細很棒,7.25,4.166666666666667
課堂中的解講，讓我對於這塊領域有了更深的了解,6.416666666666667,4.214285714285714
老師說得很清楚，我覺得挺有趣的,6.571428571428571,5.333333333333333
我認為這對日後的工作有很大啟發與幫助,7.75,5.0
初次操作覺得有點生硬，覺得需要多花點時間摸索,4.666666666666667,3.714285714285714
雖然時間很短，但已經有初步的了解,5.571428571428571,3.214285714285714
學到了一些有趣的知識,6.083333333333333,3.0
今天教了很多種方法，希望下次能試試,5.642857142857143,3.583333333333333
教得太多，腦袋仍在整理中,3.916666666666667,2.928571428571428
今天教的部分吸收特別快,6.5,4.785714285714286
有初步理解，只是教得有些快,4.785714285714286,4.75
最近的功課好多，雖然時間很寬裕，但還是很繁重,4.0,5.416666666666667
發現自己很多不足的的地方，有種無能為力的感覺,2.428571428571428,3.785714285714286
今天被教授點到，有點受寵若驚，不過還好這個問題我還勉強的回答得出來,5.416666666666667,7.285714285714286
上課進度好快，一直跟不上，作業有些都看不太懂在幹嘛，有點心慌,1.75,6.571428571428571
聽不懂的話 ，上課就撐不太住了,4.0,3.416666666666667
解說清楚，比喻很好，令我大開眼界,6.714285714285714,5.142857142857143
聽完講解後，總算是略知一二了,6.083333333333333,4.666666666666667
不太懂它的運作原理，希望看課本的時候能理解,4.0,3.714285714285714
我真正學到的不多，但在下次上課前我會先預習，並努力克服想睡覺的念頭,5.083333333333333,3.583333333333333
講了一些蠻有趣的東西,5.666666666666667,2.833333333333333
對於老師的期許，有些惶恐，但也有被激勵的感覺,5.333333333333333,5.166666666666667
今天的課程非常充實,7.5,7.083333333333333
能把今天的課程學好，未來應該很受用,6.3,4.833333333333333
有些地方還連不起來，所以我自己要回家弄清楚,4.142857142857143,4.928571428571429
作業還是有點寫不出，有點銜接不上,3.666666666666667,3.916666666666667
感到十分驚奇，終於知道在教的內容了,6.916666666666667,6.714285714285714
今天學到很多平時無法觀察到的東西，很充實，收穫良多,7.357142857142857,6.25
成績不是很理想，我認為有很大的原因是不懂題目再說甚麼,3.333333333333333,4.785714285714286
我覺得處罰的方式可以改進，讓同學知道不足的地方就可以了,4.083333333333333,3.333333333333333
今天老師上課再次強調這方法很有用，只要我們學會，基本上剩下的就很輕鬆,6.75,5.285714285714286
我覺得應該多方面的學習，多多涉獵其他領域的專業，才能成為全方位的人才,7.357142857142857,5.083333333333333
我覺得這真是個很神奇的東西，真的很酷,7.428571428571429,6.916666666666667
今天所講的我感到很有趣，因為我之前對這些都不太了解,7.333333333333333,4.333333333333333
對於部分內容可能還是不大清楚,3.785714285714286,3.714285714285714
作業終於寫完了，雖然有幾題看不太懂，但是跟同學討論之後還是有寫出來，很有成就感,7.357142857142857,5.125
下午第一堂讓人有點昏昏欲睡,3.666666666666667,2.5
其實學好一種在學其他的都不難，只是有一些的語法不太相同而已,5.666666666666667,2.5
上的有點太快，沒有很熟悉，因此覺得上起來更吃力些,2.916666666666667,4.25
覺得老師的要求對我們來說太高,2.583333333333333,6.25
給同學壓力這個想法不錯,4.25,3.583333333333333
從大家的提案到教授反駁的理由，漸漸有摸出概念了,5.5,4.75
比上一次上課更能跟得上教學的進度，但還是必須要自己預習才能夠充分理解課文內容,5.833333333333333,4.5
應該要教的東西叫我們自己回家看，那我來上課幹嘛,1.333333333333333,7.357142857142857
都講得很詳細，但有時候聽不清楚說了什麼,4.416666666666667,3.5
今天上課的內容我大都聽不懂，有點難過,2.0,5.714285714285714
在這次上課老師與同學互動良多，這也讓同學有了不同的上課體驗呢,6.833333333333333,4.857142857142857
對於內容老師一直跳過，覺得不是很好,2.333333333333333,5.833333333333333
有些專有名詞聽不太懂，我有待加強,4.25,3.428571428571428
作業內容有一點深，導致作業做不出來,3.416666666666667,4.071428571428571
我發現只要跟上老師的上課節奏，課程內容就容易懂，回家也不用複習太久,6.0,4.833333333333333
有些不容易聽懂，但上課內容很有趣,5.642857142857143,5.75
今天有同學被叫起來了，好像有點可怕，都不敢睡了,2.333333333333333,6.285714285714286
後面講到地方幾乎完全無法理解，有點挫折,2.785714285714286,5.166666666666667
講解搭配實例還算好理解,6.0,3.75
真的不是我在說，我覺得內容實在太抽象了,3.416666666666667,6.666666666666667
總括來說好難喔，聽課好吃力,2.583333333333333,5.166666666666667
真的是收穫良多，又是一堂很棒的課程,7.25,6.166666666666667
這一次課程相當實際，所以聽起來不會感覺疲倦,6.75,4.142857142857143
今天拿到課本後，終於可以更清楚知道老師在說什麼了,5.833333333333333,5.0
我們這組一直被打槍，好難過，但我們不會放棄的，再接再厲,5.75,5.083333333333333
這課很有趣，令我明白建構過程,6.916666666666667,5.214285714285714
只有一節課其實沒講什麼,4.75,2.642857142857143
今天上課後覺得吸收到了好多知識，好充實,7.0,5.142857142857143
操作起來難度偏高，在嘗試了幾次之後始終無法上手,3.428571428571428,4.0
今天我仍然聽不懂老師所講的東西，需要多讀幾遍課本才能理解,4.083333333333333,3.416666666666667
課程讓人容易混淆與難以吸收,2.416666666666667,4.071428571428571
專有名詞多到讓人眼花，有點適應不良,3.666666666666667,4.571428571428571
今天上課的內容有點難，聽不太懂，讓人備感壓力,2.9,4.083333333333333
今天的課有點聽不懂，而且報告好多呀,3.666666666666667,4.166666666666667
很有趣，只是有點複雜,5.916666666666667,4.214285714285714
老師講得很好，讚讚,8.142857142857142,7.142857142857143
初試水溫，大致能理解意思,5.166666666666667,3.071428571428572
老師時不時的叫人起床的聲音有點讓人害怕,1.666666666666667,6.5
老師上課幽默風趣，不會枯燥乏味，讓我們更容易吸收知識,7.357142857142857,4.75
好像沒有那麼難，但是一看到書上那些圖頭就快昏了,3.571428571428572,4.357142857142857
還是有一些沒有完全搞懂,4.071428571428571,3.285714285714286
了解了老師的上課步調，覺得還能接受,6.083333333333333,3.833333333333333
由於沒有關於這方面的知識，所以整堂課聽下來非常的枯燥,1.916666666666667,4.5
對於幾十年前可以提出一概念卻能造福往後幾十年，實在令人佩服,7.142857142857143,7.25
要懂得分析趨勢，這點我很認同，因為很重要,6.5,5.642857142857143
今天的課程讓我們能思考，激盪不一樣的創意想法,7.75,5.416666666666667
今天講的我特別有感覺，因為我高中就有做這個的相關研究,6.666666666666667,3.857142857142857
很多專有名詞方面聽得不是很懂，投影片也是不能完全了解,3.5,4.666666666666667
今天也講了許多相關知識，只是太累了內容記不太起來,4.083333333333333,3.285714285714286
今天教的可以用來做非常非常多事，學起來是有好處的,6.857142857142857,4.357142857142857
今天的內容感覺比較好懂一點點，需要課後自己多加複習,6.333333333333333,3.666666666666667
其實最近上的我都聽不太懂，好不容易今天感覺好像聽得懂，結果才發現不是我想得那樣,2.928571428571428,5.083333333333333
對於常常抱怨作業的自己感到些許慚愧,2.583333333333333,4.571428571428571
很多方法觀念都一樣，所以只要學好一種，其他的也不用花太多時間,5.928571428571429,3.571428571428572
講得太簡略  英文聽不懂,2.916666666666667,4.357142857142857
還要多思考才能了解，需要花比較多時間研究,4.666666666666667,3.166666666666667
教授不斷提醒我們這是以後的趨勢，我們應該好好的學習，在未來才能有好的發展,6.583333333333333,3.166666666666667
了解了課程內容的細節，交代得非常清楚,6.083333333333333,2.0
大致上已經了解了，但是專有名詞聽不懂,5.0625,3.25
聽完今天老師的講解後比較知道缺乏什麼,6.071428571428571,4.916666666666667
考試要加油，收穫良多,5.416666666666667,4.25
老師勾了幾題作業，還要用特定的解法，雖然聽到時令人傻眼，但為了學習也只好拼了,4.083333333333333,5.75
今天上課我發現老師講得很好，但是有些地方都只是帶過,5.571428571428571,3.916666666666667
聽老師提到幾個例子，覺得十分新穎,6.666666666666667,4.666666666666667
不僅能學習到知識，更能小小放鬆一下,6.416666666666667,3.785714285714286
才剛剛學習到了一些東西，確實還不太能理解它們之間的關聯性,4.0,3.833333333333333
今天老師講解後才終於了解了，感覺今天很充實,6.75,5.25
題目是真的很難想啊，連個方向都沒有給就一直狂酸學生,1.333333333333333,8.583333333333334
不是很清楚這次作業要我們做什麼，不過還是學到了一些東西,5.333333333333333,3.833333333333333
漸漸了解了，希望有一天能將全部都練熟,6.416666666666667,3.916666666666667
老師講解得很有趣，同時也有在貼心的注意學生的狀況,7.5,5.428571428571429
今天的課程內容我沒有很仔細聽，明天的課希望能把今天的補回來,4.583333333333333,2.666666666666667
最近上課內容比較難以理解，謝謝老師詳細講解並放慢步調,6.5,3.666666666666667
今天講的東西都特別淺顯易懂，讓人開心,7.583333333333333,5.0
這章節給了我們很多解決問題的想法，再熟讀一點對未來應該很有幫助,6.166666666666667,4.666666666666667
今天除了課堂知識外，還得知許多八卦，覺得有趣,6.75,6.083333333333333
對於上課內容能融會貫通,6.083333333333333,2.642857142857143
經過了這堂課老師粗淺的介紹後，讓我更加了解到它們的原理以及相關資訊,5.833333333333333,2.714285714285714
覺得上課速度快了點,4.25,3.857142857142857
目前上起來，基本沒碰到太大問題,5.0,2.928571428571428
讓我學到要更用功寫功課才行,5.0,3.142857142857143
由於之前並沒接觸過此類知識，希望能有更詳細講解,4.416666666666667,4.833333333333333
需要多聽幾遍才聽得懂，覺得自己很笨,2.214285714285714,4.5
老師用例子來解釋，讓我印象十分深刻,6.583333333333333,4.166666666666667
今天的內容較為深澀，聽不太懂,3.666666666666667,4.357142857142857
下禮拜要考試了，真是緊張,4.416666666666667,5.833333333333333
喜歡今天的課程，與生活更貼近、更相關，更有共鳴，學得很開心,7.916666666666667,5.714285714285714
學完這章之後希望能將所有理論、過程都融會貫通,6.142857142857143,3.071428571428572
今天教得方法還蠻實用的，可以讓自己更清楚過程，更明確知道自己下一步該怎麼做,7.0,4.9
講得很好講得很清楚,6.428571428571429,3.833333333333333
雖然我們目前只會些許，但我相信以後這些我都能夠運用,6.416666666666667,4.142857142857143
今天雖然教的內容比較少，但跟我們的生活較貼近，令我印象深刻,6.083333333333333,4.571428571428571
真是令人難以置信，沒想到這個學期我已經交了這麼多的東西了,6.928571428571429,8.25
透過多次的親身經歷與比較，可以得知更多真實的學習,6.071428571428571,2.833333333333333
覺得今天了解了很多，謝謝老師,8.166666666666666,4.214285714285714
這幾堂課聽的都很不錯，生動講解,6.9,3.916666666666667
這次要嘗試用更聰明有效率的方式學習,6.5,4.75
今天的課幫助我有更多了解,6.071428571428571,3.428571428571428
今天上的有點快，但大致還是聽得懂，讓我受益良多,6.333333333333333,4.142857142857143
我覺得這堂課對於我以後的學習會有很大的幫助,6.5,4.5
有點疲累但是卻能專心聽課,5.5,2.0
我覺得用沒有學過的工具寫作業還是太難了,3.142857142857143,5.214285714285714
這門課有很多值得學習與欽佩之處,7.071428571428571,5.416666666666667
對課程特別有興趣，想要多多了解,6.214285714285714,3.785714285714286
詳細的內容感覺自己還不太能深刻了解，會再經由閱讀課本加強,5.071428571428571,3.875
最近的課程讓我覺得很親切，特別感興趣,7.285714285714286,6.0
因為記錯了時間，所以今天沒上到課,4.583333333333333,3.142857142857143
今天的上課內容非常的充實，讓我有更深一步的認識,6.083333333333333,5.25
已經快到學期末了，一直都覺得老師很認真地講課,6.833333333333333,4.416666666666667
有些觀念還是很模糊,3.25,3.285714285714286
今天我主要都在鑽研一些很難懂的題目，或許是因為我英文不好吧，有些題意令我感到困擾,3.666666666666667,5.083333333333333
今天教了許多未來的趨勢，希望能在這章多了解相關知識,5.916666666666667,2.5
今天講到如何更有效率，我覺得很實用，可以讓我以後注意到這方面,6.833333333333333,6.25
題目好多令我眼花撩亂,2.833333333333333,3.5
今天飆太快了，還沒聽進甚麼就講完了,3.416666666666667,5.071428571428571
今天的內容需要花更多心思去理解，希望老師能講清楚一些,4.357142857142857,4.083333333333333
雖然之前有上過類似的課程， 但還是很不在行,3.583333333333333,4.666666666666667
今天我沒有在聽老師上課，之後會努力把今天教的東西給補齊,5.3,4.0
學到了新的知識，覺得有趣,5.916666666666667,4.428571428571429
今天上的很開心，老師又多說明了一些例子,6.571428571428571,4.785714285714286
聽著老師一步一步介紹，著實感到有趣,6.714285714285714,4.75
課程開始前老師稍微複習了一下昨天的內容，很期待上到下禮拜把這章節的東西都弄懂,7.0,5.285714285714286
上課麥克風太大聲，耳朵很不舒服,2.928571428571428,4.571428571428571
有了更深刻的認識，讓我更想去學習這些未知的事物，來充實自己應用的能力,6.833333333333333,4.666666666666667
老師建議我們去摸索新的事物，這樣才能運用廣泛，增加自己的能力,5.333333333333333,2.083333333333333
今天的課太重要了，但是我沒去上，真的的太可惜,3.416666666666667,7.0
受到老師讚美，真的很棒,7.916666666666667,7.083333333333333
這兩天提到的相關問題，我認為不清晰明確，缺乏了概念整合的與跨章節的連貫性，希望老師能夠適時的引導學生,5.0,5.0
邊看學長姐傳下來的筆記邊聽講，覺得很有收穫,6.083333333333333,5.25
收穫良多，深入淺出的教法我很喜歡,7.428571428571429,4.5
教得有點快，還沒吸收完，就又有新的東西,3.416666666666667,3.714285714285714
在這之前並不是很清楚， 但是這堂課讓我有更多的瞭解了,5.9,3.0
講的有點快，需要一些時間讀懂,4.666666666666667,4.583333333333333
讓我更了解發展風向，也燃起了熱忱,7.0,6.214285714285714
有時聽課真的一知半解的，學習成效不是很好,3.833333333333333,3.785714285714286
我要努力讓自己不會被當,5.083333333333333,5.25
雖然上課的時候覺得蠻清楚的，可是下課後發現其實這個是很值得更加探討的問題，希望有時間可以再說清楚一些，讓我們更加清楚的學習到這些知識,5.416666666666667,3.083333333333333
不是很懂這個字本身代表的意思，希望老師在補充或講解新的名詞時，可以稍微解釋一下,4.714285714285714,4.5
今天上的課是連貫性的，沒中斷，比較能連貫所聞，很好,7.214285714285714,3.642857142857143
跟自己所想像的不太一樣， 有了新的認識!,6.083333333333333,5.666666666666667
希望老師不要一直出報告，最近作業真的蠻多的,2.714285714285714,5.0
希望進度能稍微做些調整,4.416666666666667,3.357142857142857
今天的課很有深度,5.583333333333333,4.071428571428571
學到了很多新的知識，覺得很有趣,6.5,4.928571428571429
今天上課精神不是很好，下次我會更努力聽課把落後的補回來,5.071428571428571,5.416666666666667
讚，覺得滿有興趣的,7.714285714285714,6.928571428571429
雖然感覺速度還是有點快，不過還能跟上,5.583333333333333,3.666666666666667
期中考前還有作業真是極致，而且考前竟然還要上進度，第一次遇到這種老師,1.75,8.0
明明讀的相當純熟，卻還是考不好,3.333333333333333,5.916666666666667
老師上課很用心,6.928571428571429,2.833333333333333
覺得十分有心得，希望能將所學發揮至所用,6.5,5.857142857142857
更清楚知道自己需要加強的地方,6.285714285714286,3.428571428571428
雖然我還不是很熟悉，但是想好好學，之後會複習讓自己更熟練,5.083333333333333,5.166666666666667
覺得蠻無聊的，學習效率降低,1.75,2.214285714285714
我感到有些無力，平常作業已經很多了，還有兩份報告,1.5,5.785714285714286
今天講了很多之前講過的東西，我覺得還滿常識的,5.083333333333333,3.214285714285714
看到原本厚厚的課本，居然已經上了一大半，十分有成就感,7.25,4.75
今天上課聽了老師說的內容後，我覺得非常有幫助，這堂課我上的很開心,7.214285714285714,6.25
如果每種都會，那真是太厲害了,5.333333333333333,3.416666666666667
這課聽起來真的是想當有趣呢,6.928571428571429,5.642857142857143
老師問的問題會讓人去思考，覺得自己該在這個領域越學越多,7.75,5.785714285714286
今天獲得了許多知識，覺得真充實,7.3,5.428571428571429
今天上的部分感覺有些困難,4.583333333333333,3.333333333333333
還有一大堆功課要做，壓力還是有點大,3.083333333333333,4.833333333333333
下星期就要考試了，上課都不敢有絲毫分心,4.5,5.666666666666667
相當有趣且獲益良多,7.0,5.166666666666667
是時候該認真讀書了,5.428571428571429,4.0
今天教的比較聽得懂，希望之後也可以多舉生活中的例子,5.916666666666667,4.928571428571429
今天上的很多都還蠻有趣的，但是課本還是要多看才會比較了解這些概念,5.642857142857143,4.214285714285714
有很多東西要看書才會懂，所以要念課本,5.25,3.428571428571428
原來沒有我們想的那麼簡單,4.0,5.142857142857143
上的有點太快了，沒講多久就跳了很多頁，希望可以別再那麼快了,2.928571428571428,5.0
今天教的又更難了，感覺要回家自己查資料看,3.714285714285714,3.666666666666667
我發現學習最大的難處不是上課不認真或不懂，而是題目看不懂，無法理解題目想表達的意思,3.3,4.928571428571429
教授給了我們比較清楚的概念，知道要如何時做出一些實際的應用,6.666666666666667,2.583333333333333
完全不知道到底進度到哪裡了,2.785714285714286,6.071428571428571
感覺很有趣，教學方式活潑又生動喔，棒棒,8.333333333333334,6.571428571428571
今天學的讓我收穫頗多,6.666666666666667,5.083333333333333
今天的課程我大致能掌握,5.928571428571429,4.0
今天上課上到肚子很餓，但還是努力去聽懂課,4.857142857142857,4.5
我覺得這對於我以後的學習會有很大的幫助,6.833333333333333,4.75
今天教的好複雜，回去要好好慢慢看一下,4.416666666666667,4.666666666666667
第一次考這科，但我完全不知道他要怎麼考，就不能給個範例嗎,2.666666666666667,6.166666666666667
內容有點難，並不是很容易能理解,4.0,3.428571428571428
老師上課很有趣，相當生動，期待下一次上課,7.571428571428571,7.1
透過不斷的學習讓自己的思路更清楚,6.416666666666667,3.714285714285714
這幾天都在趕作業，上課有點恍神，還請見諒,3.583333333333333,3.083333333333333
雖然以前聽過，但覺得還是不太清楚，希望老師可以在課堂上補充實例,4.714285714285714,4.0
舉例十分的生動，經過今天的課程也更加了解,7.0,4.285714285714286
上課真的太快了!想抄筆記都找不到,2.666666666666667,7.928571428571429
今天上課時的狀況不是很好，不太舒服，有點茫,3.25,2.666666666666667
今天收到考卷，可歌可泣發現自己的不足，還需要多多加強,5.416666666666667,4.571428571428571
今天上課的內容令人收獲良多,6.75,5.833333333333333
我覺得上課不僅能認識到課本上的死知識，也能經由老師講解獲得許多新奇的知識,6.75,4.666666666666667
我好累，我沒有專心聽課，嗚嗚,2.5,6.333333333333333
今天上課上了很多，有點吸收不良,3.857142857142857,3.714285714285714
真的是比喻的很好，我一聽就完全了解,6.833333333333333,5.583333333333333
希望老師稍微講慢一點，我們需要一點時間消化,4.416666666666667,3.928571428571428
今天上的雖然都是新的事物，但是感覺很快就可以吸收了,6.25,3.5
因為有點基礎，所以學習起來比前面幾章容易了解,5.714285714285714,4.214285714285714
老師講解清楚，有道理,6.214285714285714,2.833333333333333
白板上的字看不懂，有點小和潦草,3.666666666666667,2.416666666666667
今天的課很容易明白,6.666666666666667,3.25
今天上兩堂課，十分的充實，學到許多觀念,6.214285714285714,3.142857142857143
希望背的題目能有些提示,4.714285714285714,3.333333333333333
今天感覺沒有教什麼，而且點了很多作業，讓我覺得有點跟不上進度,2.583333333333333,4.0
對我來說今天的課是最懂的一堂,7.666666666666667,5.416666666666667
能夠結合時事講解，使內容更為生動有趣,6.642857142857143,3.0
後面開始聽不太懂,3.333333333333333,2.714285714285714
很多課都不太懂，不太清楚在說什麼,2.916666666666667,4.666666666666667
覺得自己應該要多方位接觸,5.0,3.714285714285714
我因為有其他課先行離開，我覺得我錯失了這非常寶貴的時間,4.666666666666667,4.428571428571429
現在比較有概念了，同時對於此領域也有了興趣,7.0,4.142857142857143
雖然還不太熟悉，但相信之後會漸入佳境,5.916666666666667,4.714285714285714
下禮拜就要考試了，好緊張喔,3.916666666666667,5.928571428571429
今天學到的知識，讓我覺得很新奇,7.0,4.333333333333333
今天真的領悟很多,7.0,3.642857142857143
我覺得上課的內容比較淺,4.416666666666667,2.666666666666667
教的有一點快，還來不及吸收，這堂課就結束了,3.416666666666667,6.083333333333333
今天聽得懂大概  但是有些東西有疑惑,4.785714285714286,4.75
這堂課還是有些地方不太懂，我會好好回去看課本,4.916666666666667,4.416666666666667
已經比以前還要能把握重點了,6.714285714285714,4.333333333333333
哦...感覺老師教得有點快，然後希望字可以大一點,3.0625,4.357142857142857
也許可以講解作業以外的課本習題，幫助我們了解如何思考,5.416666666666667,3.083333333333333
從開始的跌跌撞撞慢，慢步上正軌，遇到很多困難，收穫也很大,6.083333333333333,4.5
這幾節的課程內容讓我覺得很有意義,6.75,4.416666666666667
好難喔，難到快受不了了,1.4375,8.071428571428571
講的速度有點快，內容很難,3.416666666666667,4.666666666666667
今天講的東西不多，不過都還蠻有趣的,6.1,4.0
希望能夠翻譯一次所講的英文單詞，因為我常常聽不懂講了什麼英文，但要是能夠翻譯一次的話，我的大腦就能自動對應出解釋了!,4.583333333333333,6.5
在某些較艱澀的單字上，仍不太能了解單字的意思，導致無法明確地了解語意,3.916666666666667,4.166666666666667
學習新知是一件再快樂不過的事情了,7.571428571428571,6.916666666666667
可能因為有一點點的基礎，所以覺得比較好理解，還滿有趣的,6.333333333333333,3.666666666666667
寫作業時常常因為看不懂而卡住,4.083333333333333,3.142857142857143
考試快要到來，今日的課程變得更加專注,6.666666666666667,5.357142857142857
雖然在老師的帶領之下看似簡單，但當自己獨立思考時還是不太會,4.333333333333333,3.142857142857143
大致理解課程內容及目標,5.214285714285714,2.0
課程步調有放緩，有助於實作的進步,6.714285714285714,2.833333333333333
今天老師說一說有說到國外的事情，令我不禁感到有些好奇，有機會還真的想出國去看看,6.25,6.5
還有很多的概念都不太懂，只好回去看書吧,3.5,4.0
覺得期末要好好拼一波了，希望我能快快完成作業,4.916666666666667,6.75
望老師可以實際操作給我們看，這樣會比較好讓大家跟的上，並且更清楚,6.083333333333333,3.416666666666667
作業交不出來，考試又沒考好，對這學期感到絕望,1.166666666666667,7.916666666666667
配合實例講解，再加上課本的文字，讓內容更容易理解,6.5,5.357142857142857
希望專有名詞能分開講清楚,3.916666666666667,4.071428571428571
我覺得老師講的還滿詳細的,6.0,3.071428571428572
我覺得這是很重要的一門課,6.333333333333333,4.083333333333333
上老師的課真的每次都獲益良多,7.583333333333333,5.666666666666667
今天聽到更深入的課程內容，彷彿有了進一步的認識,6.25,3.7
老師說的很豐富，還會舉很多例子，讓我受益良多,8.166666666666666,4.142857142857143
上的比較難，希望講解詳細一點,4.25,4.428571428571429
後半部有些還是搞不清楚，不過整體算是大致了解,4.666666666666667,3.285714285714286
今天教了很多東西，收穫滿滿,7.0,6.0
今天的上課速度非常的快，課業也很重,2.0,5.142857142857143
我沒有搞懂的情況下課就上完了,2.5,5.0
希望能學習的較好,6.0,1.583333333333333
增加了我對課程的興趣,6.0,5.8
覺得學到很多，希望之後可以更深入地知道一些課程訊息,7.357142857142857,5.666666666666667
同個問題可以用不同的方法解出來，感覺很新潮,6.75,4.333333333333333
讓看到一些龐雜數據便感到頭痛的我，有了更多的認識,5.857142857142857,5.583333333333333
今天終於把這麼大一本書做一個結尾了，很開心上完了可以放假,7.285714285714286,8.142857142857142
講了好多問題，都沒有講解決的方式，我覺得蠻可惜的,3.583333333333333,3.583333333333333
老師講解詳細，有些解釋令我印相深刻，課堂速度一般,5.5,4.75
我覺得上課用故事來講，大家會比較願意聽，吸收也比較快,6.083333333333333,3.083333333333333
今天意外的忘了帶課本，以後一定不會再忘,4.75,5.5
今天學的感覺很酷,7.333333333333333,5.083333333333333
今天的內容我沒有預習，所以不太熟，回去要慢慢讀，跟上進度,5.083333333333333,4.166666666666667
大致理解內容，老師的自身經驗有趣,6.642857142857143,4.071428571428571
今天老師快速帶過了許多練習，看來之後要去圖書館借書來學了,4.416666666666667,4.583333333333333
有時候聽得有點混亂，還有前面有點悶，頭會昏昏的，有點影響學習狀態,3.083333333333333,3.833333333333333
老師教得很用心，也很激動，是個好老師,7.5,5.642857142857143
雖然有些還是不太懂，但是有了很大的進步,5.928571428571429,4.142857142857143
今天沒像上禮拜這麼的趕，但有些專有名詞不懂，但後來私下問同學就有比較好些,4.6,5.5
覺得應該可以再多舉一些例子比較好,4.75,4.5
我整節課精神都很好,7.5,3.357142857142857
希望老師能不要咄咄逼人，因為教的內容已經很難理解了,1.5,6.833333333333333
兩堂課的中間不下課真的很燒腦,2.5,6.0
發佈的通知或是作業，總是重覆好幾次，這樣有點混亂,2.5,5.6
今天上課是目前為止最有精神的一次,7.083333333333333,6.166666666666667
今天教得淺顯易懂，是我近期學的最簡單的，很棒,7.428571428571429,6.333333333333333
我資質不好，無法在短時間內學會，希望老師或助教能夠提供一些實質上且有用的幫助,3.416666666666667,5.5
要我們用沒接觸過的工具寫出題目所要的，似乎有些強人所難,3.5,5.333333333333333
終於報告完了，放下了心中的大石頭,6.75,6.416666666666667
講解的很好，讚讚，受益良多,6.666666666666667,5.583333333333333
學到這些可以使我在思考時，越來越好,6.714285714285714,5.0
都還沒搞清楚，只能回家自己慢慢看了,3.75,5.666666666666667
上完這堂課總算理解了,6.25,4.214285714285714
今天學會了很多知識，獲益良多,6.916666666666667,4.642857142857143
能理解課程內容，不錯,6.083333333333333,4.416666666666667
相信很多人對於作業與考試的題目或解答有疑問，需要協助，也許能提供參考解答或是課堂發問的機會，我認為會比一直趕課來的重要,4.916666666666667,4.666666666666667
今天沒有講的很深入，期待明天能講的更多,4.916666666666667,3.083333333333333
一開始聽不太懂，直到後來有舉例的時候才了然,5.785714285714286,3.642857142857143
好難喔，題目有點不太會寫了，有點怕怕的,2.928571428571428,5.333333333333333
感覺要被當了，心情一下子跌落到了谷底,1.583333333333333,5.0
有些比較專業的地方還是有點不懂,3.416666666666667,2.75
作業也很多，時間不夠用，頗為無奈,2.833333333333333,4.571428571428571
今天的課內容吸收還可以，不算太難理解,5.928571428571429,3.0
很大量的知識，豐富的教材，上課十分有趣,8.333333333333334,8.166666666666666
上課內容越來越艱澀,2.916666666666667,4.333333333333333
使用的比喻很生活化、淺顯易懂,7.0,4.666666666666667
我覺得今天老師講的有一個部份十分有趣,6.75,4.166666666666667
對於課程內容有了更深的了解,6.5,4.333333333333333
講的並不太清楚且速度偏快，讓我沒有足夠時間去消化這些東西,2.916666666666667,4.333333333333333
不要那樣逼同學，我覺得那樣那位同學壓力會很大,1.416666666666667,6.928571428571429
今天的課程較有趣，且更簡單明瞭,6.583333333333333,3.166666666666667
今天上課內容比較簡短，但依然有許多收穫,5.916666666666667,4.0
今天的課讓我受益良多，我希望能在聽更多,7.571428571428571,5.083333333333333
今天講了好多東西，不過都是點到為止,4.416666666666667,3.857142857142857
有時候上得太悶，會昏昏沉沉的,3.214285714285714,3.071428571428572
雖然又有些地方聽不太懂了，可是相信之後再更認真一點就可以理解,5.2,4.285714285714286
我覺得今天很可惜，正當我聽得很開心的時候結果就下課了,5.583333333333333,6.5
今天有針對其特性多加講解，讓我有更進一步的認知,6.583333333333333,5.714285714285714
學習的相關知識十分受用，聽起來不會有壓力,6.166666666666667,4.75
實在令我摸不著頭緒,3.083333333333333,5.583333333333333
長知識了，對接下來的課十分期待,7.142857142857143,6.071428571428571
今天剛上課被嗆得很爽，但是確實了解到了,5.5,7.357142857142857
聽得很清楚，但有些專業單字還是不怎麼了解,4.583333333333333,3.285714285714286
看起來還蠻有趣的，但是聽起來只能是有點懂，所以回家要好好看書了,5.8,3.0
自己思考過，回頭才可以輕易理解,5.857142857142857,1.5
老師鼓勵我們多學習，讓我有更深的興趣及動力想了解,6.428571428571429,4.583333333333333
這堂課的內容給人的感覺有些枯燥乏味，也希望我能更有些熱忱學習這門課,3.285714285714286,4.142857142857143
老師的講解配上課本更加清楚了,6.75,5.0
在老師的講解下，對課程內容的興趣更濃厚,6.928571428571429,3.25
老師教得真的很棒很清楚，受用良多，讚讚讚！,8.333333333333334,8.25
今天的課程解開了我的一些疑惑,5.916666666666667,2.416666666666667
我覺得今天上課的內容比前幾次還要難懂一點,3.857142857142857,3.857142857142857
今天上的部分，覺得滿有趣的，如果可以每一節課都這樣，應該會比較不會常常想睡覺,6.75,5.5
對於每一個部份的工作內容大致了解,5.333333333333333,3.0
我都聽不太懂，有點難,3.25,4.916666666666667
有些地方稍微不懂，但仍獲益良多,6.166666666666667,4.5
最近上課內容都比較偏向知識理論方面，雖然容易理解，但是需要多番思考才能達到深入了解,5.666666666666667,4.5
上課內容大致能聽懂，整體而言是有趣的,6.583333333333333,4.714285714285714
今天的內容讓我很感興趣，希望下次的課程可以更深入解說這方面的知識。,6.416666666666667,3.571428571428572
比昨天更清楚了，感覺不錯。,6.0,3.25
覺得收穫滿滿，只是對課程還有些不了解，需要再複習,6.0,5.083333333333333
老師舉的例子，非常淺顯易懂，上這堂課真的是獲益匪淺,7.333333333333333,6.333333333333333
其實也是蠻有趣的，雖然真的是複雜了點,6.0,4.166666666666667
上完課知道自己有很多東西可以繼續努力,5.916666666666667,4.583333333333333
今天比較聽的懂了，解釋例子讓我比較了解老師的意思是什麼,5.833333333333333,3.333333333333333
我對於這堂課的內容蠻有興趣,7.0,5.333333333333333
這門課是上課以來我最有興趣的，因為最貼近生活，最常遇到，所以我更加的專注在這門課,8.083333333333334,5.0
課程內容有助於邏輯思考,5.833333333333333,2.416666666666667
從生活平常的東西開始學習能比較好懂,5.833333333333333,3.2
題目寫起來的感覺有點不順，可能是我沒有讀得很久的關係,3.833333333333333,3.166666666666667
雖然偶爾會有碎碎念，但知道那是對未來很重要的話,5.416666666666667,4.071428571428571
今天聽完老師講解，才發現自己怎會如此愚昧阿,3.166666666666667,6.285714285714286
可能是第一次接觸，所以還有些地方不是非常了解,4.428571428571429,2.5
今天收穫良多，實在很有趣耶，我超有興趣的,8.142857142857142,8.333333333333334
今天上課精神特別好，課本也看得比以往認真,7.083333333333333,6.0
又要寫報告好煩喔，但其實我心裡覺得這些對我以後還滿有用的,4.833333333333333,7.25
基本是能聽懂，但有些地方有點跟不上，會思考得比較慢,4.3,3.714285714285714
今天介紹了很多知識，也是一種收穫,6.083333333333333,3.083333333333333
今天的課程比較好懂，但是還是有很多概念不太理解，希望能解釋的淺顯易懂一點,4.583333333333333,3.357142857142857
今天的學習有障礙，好難理解啊,3.25,6.083333333333333
起碼沒有特別的課業壓力，可以安心的聽,5.416666666666667,3.0
真的聽不懂某些東西,3.214285714285714,3.857142857142857
雖然還是有蠻多東西要想一下才能了解，但已經比較能夠跟上了,6.416666666666667,3.785714285714286
因為聽得比較清楚，所以很有印象,6.142857142857143,3.416666666666667
雖然有一部分有些不理解，但我會去好好去請教同學的,5.5,3.583333333333333
我對最近的課程內容很有興趣，所以我會更專心聽吧,6.666666666666667,6.166666666666667
白板字依然是很具藝術感呢! 好吧，我們努力點看,4.0,5.785714285714286
短短的一堂課感覺又學到了很多知識，真的很有趣,7.5,5.857142857142857
我一直像無頭蒼蠅一樣找不到方向，實在是有點心累,1.416666666666667,5.583333333333333
越來越跟得上老師的節奏了，也讓我知道課後複習是相當重要的,6.833333333333333,5.285714285714286
今天教的和以前所學的類似，所以比較有概念,5.7,2.583333333333333
今天報告的很慘烈，被批評的一無是處,1.333333333333333,7.583333333333333
第一天上課時真的不是很清楚在教什麼，但越來越清楚了,6.142857142857143,4.166666666666667
不簡單，但是挺有意思的,6.5,4.6
很多專有名詞時還是無法快速反應，希望能稍微講解一下,3.666666666666667,4.142857142857143
老師今天說的很多，很精彩,7.5,6.5
這個之前都學過了，所以今天也是複習一下,4.75,3.416666666666667
都很有趣，期待下次的課程,8.0,6.166666666666667
剛開始有點不適應，加上作業與小考，讓我更吃不消,2.642857142857143,4.333333333333333
老師幽默風趣引發學習的心,6.333333333333333,4.083333333333333
了解了各部件之間的關係、是我今天最大的收穫,6.142857142857143,5.333333333333333
上越多就越了解整體的運作及方法,6.416666666666667,4.666666666666667
上完了這次的課程以後，讓我又更加了解了一點，真的是收獲良多啊,7.071428571428571,4.166666666666667
以前聽過類似的，但沒有那麼詳細，能這麼深入了解真的很幸運,6.785714285714286,6.214285714285714
雖然不是很好理解，但是再難也要搞懂,5.5,3.583333333333333
對於定義還是有點模糊，界定上會有灰色地帶,3.5,2.416666666666667
整節課整體來說，還不錯耶,6.5,4.928571428571429
