id,granularity,text,valence,arousal
AUG_0001,augment,今天婆婆又當著全家的面譏我中文講不好，說我嫁來就是佔他們家便宜。我氣到手一直抖，胸口悶得快喘不過氣。我明明每天煮飯洗衣照顧公公，換來的卻是這種欺負。我躲進廁所哭，越想越憤怒，為什麼我要忍到這種地步？,3.11,7.12
AUG_0002,augment,仲介打電話來說我的居留證出問題，可能要被遣返。我整個人腦袋一片空白，手機都拿不穩。這幾年的辛苦難道就這樣沒了？我在台灣有先生有小孩，怎麼可以叫我走！我一整夜沒睡，心臟狂跳，恐慌到想哭喊。,2.82,7.28
AUG_0003,augment,先生變心了，我在他手機看到別的女人的訊息。我當場崩潰，指著他罵，他卻一臉沒事還跟我炫耀說人家對他多好。我這幾年替他生兒育女，換來這種忘恩負義！我氣到全身發熱，眼淚跟仇恨一起湧上來。,3.19,7.64
AUG_0004,augment,工廠領班故意扣我加班費，我去理論他還兇我，說外勞不爽就滾。我氣到全身發抖，喉嚨都在顫。憑什麼奪取我辛苦賺的血汗錢！我一個人在宿舍哭訴，越想越憤怒，恨不得馬上衝去洗恨。,3.31,7.17
AUG_0005,augment,孩子在學校被同學欺負，說他媽媽是外國人講話怪腔怪調。我聽到心都碎了，氣得衝去學校。老師卻一副拙劣的態度敷衍我。我當場快崩潰大喊，我的孩子做錯什麼要被這樣對待！,2.94,7.12
AUG_0006,augment,半夜接到家鄉電話，媽媽突然住院了，我卻連機票都買不起。我抱著手機哭到不能自己，心慌得快裂開。我恨自己遠在異鄉什麼都做不了。整個人焦躁到在房間走來走去，喘不過氣。,2.77,7.5
AUG_0007,augment,小姑天天在家胡鬧，把我當傭人使喚還洩恨似的摔東西。今天她又罵我是外來的，沒資格住這個家。我氣到血往頭上衝，全身冒汗。我在這個家像個仇敵一樣被排擠，我快撐不下去了。,2.62,7.26
AUG_0008,augment,"我去醫院看病，護士一直不耐煩地譏我聽不懂,大聲催我。我又急又羞，心跳快到耳鳴。我明明生病很難受,卻還要受這種欺侮。我站在走廊眼淚狂掉，恐慌到連號碼牌都拿反了。",3.12,7.54
AUG_0009,augment,"過年了,先生全家熱鬧圍爐，卻沒人問我家鄉的爸媽好不好。我坐在那裡假裝笑,心裡卻在哭喊。我想我媽想到快發瘋,胸口悶得喘不上氣。我躲到陽台一個人崩潰大哭,冷風吹得我更心慌。",2.78,7.57
AUG_0010,augment,"房東突然說要漲房租還要趕我們走，態度狠心得像仇人。我一個外籍配偶哪有辦法馬上找到房子!我急得整晚失眠,心臟狂跳。想到孩子沒地方住我就恐慌到手發抖,真的快崩潰了。",3.25,7.11
AUG_0011,augment,"公司同事聯合起來打小報告,說我偷懶,主管居然信了還當眾罵我。我氣到說不出話,全身發燙。我每天最早到最晚走,換來這種汙衊!我衝出去在樓梯間哭喊,滿腦子都是仇恨與委屈。",3.24,7.66
AUG_0012,augment,"先生把我的存摺和證件都霸佔起來,不讓我碰,說怕我拿錢跑掉。我氣到快窒息,這是把我當犯人嗎!我大聲跟他吵,他還兇我。我一個人縮在角落發抖,焦慮到整夜睡不著。",2.87,7.22
AUG_0013,augment,"孩子生病發高燒,我抱著他衝去診所,醫生講的話我一句都聽不懂,急得快哭出來。我不停問卻被嫌煩。看著孩子燒紅的臉,我心慌到手一直抖,恐慌得幾乎站不穩。",3.37,7.37
AUG_0014,augment,"婆婆把我從家鄉帶來的東西全丟掉,說那是垃圾。那是我媽親手做給我的啊!我當場崩潰大哭,氣到全身發抖。她這樣褫奪我唯一的念想,狠心到讓我恨得牙癢癢,喘不過氣。",2.67,7.18
AUG_0015,augment,"工作面試時對方一聽我是新住民,臉色馬上變,拙劣地找藉口打發我走。我氣到眼眶發熱,拳頭捏緊。憑什麼因為我是外國人就看不起我!我走在路上越想越憤怒,又焦慮又想哭。",3.28,7.58
AUG_0016,augment,"先生的家人在飯桌上炫耀說養我這個外籍老婆多花錢,還當笑話講。我羞憤到全身發抖,湯匙差點捏斷。我不是被買來的東西!我強忍眼淚衝回房間,崩潰大哭,恨意在胸口燒。",3.25,7.68
AUG_0017,augment,"我辛苦存錢寄回家,結果被親戚說我在台灣過得多好卻不夠孝順。我氣到心臟狂跳,又急又委屈。他們根本不知道我過得多苦!我一個人在異鄉哭訴,焦慮到整晚翻來覆去睡不著。",3.03,7.88
AUG_0018,augment,"公司突然說要資遣我,連理由都不給,態度冷得像仇敵。我一個新住民失業要怎麼活下去!我恐慌到腦袋一片空白,手一直抖。想到房租、小孩學費,我急得快喘不過氣,眼淚止不住。",2.9,7.54
AUG_0019,augment,"鄰居一直對我指指點點,說外籍的都不乾淨,今天還故意洩恨把垃圾丟到我門口。我氣到全身發熱,衝出去理論卻被她惡言相向。我快崩潰了,又憤怒又害怕,回家後整個人止不住發抖。",3.26,7.59
AUG_0020,augment,"我陪先生去辦身分文件,承辦人態度惡劣,一直譏我文件填錯,還大聲斥責我。我又急又羞,心跳快到耳鳴。我明明努力學中文了,為什麼還要被這樣欺負!我站在櫃檯前眼淚狂掉,恐慌到說不出話。",3.29,7.56
AUG_0021,augment,今天去戶政事務所辦身分證，承辦人講的規定我根本聽不懂，一下要這個文件一下要那個。我從早排到中午，最後還是被退件。我整個人快崩潰了，手一直在抖，太緊張了，覺得自己在這裡什麼都做不好，好想哭。,3.16,7.14
AUG_0022,augment,婆婆今天當著全家人的面說我教孩子的方法不對，語氣很兇。我極度不滿卻不敢反駁，胸口悶到喘不過氣。我明明也是為了孩子好，為什麼在這個家我永遠是錯的一方？我氣到整晚睡不著。,2.78,7.33
AUG_0023,augment,工廠老闆今天罵我動作慢，還說要扣我薪水。我聽不太懂台語，只能一直點頭，心裡又慌又氣。我離家這麼遠來賺錢，卻被這樣對待，我的手一直發抖，真的極為不滿，快撐不下去了。,2.66,7.29
AUG_0024,augment,孩子在學校被同學笑說媽媽是外國人、講話怪怪的，他回家哭著問我為什麼跟別人不一樣。我聽了整個人火氣衝上來又心疼到崩潰，我極度不滿這種環境，卻不知道能怎麼保護他。,2.68,7.32
AUG_0025,augment,半夜爸爸打電話來說媽媽住院了，我在這裡什麼都做不了。我急得在房間走來走去，眼淚一直掉。機票那麼貴，假又請不到，我恐慌到全身發冷，覺得自己是個沒用的女兒。,3.11,7.39
AUG_0026,augment,今天去醫院掛號，護士講太快我完全聽不懂，後面的人一直催，我格外尷尬又緊張。輪到我時緊張到連症狀都說不清楚，醫生一臉不耐煩，我氣到又羞到快哭出來。,2.9,7.27
AUG_0027,augment,老公今天又跟我為了寄錢回娘家的事吵架，他說我只顧自己家。我極其不滿，明明我也有在賺錢！他摔門出去那一刻我整個人崩潰大哭，覺得這段婚姻讓我快窒息了。,2.81,7.85
AUG_0028,augment,銀行說我證件不齊不能開戶，來回跑了三趟還是不行。我愈來愈慌，錢領不出來下個月房租怎麼辦？我坐在椅子上手心全是汗，真的太麻煩了，急得快要喘不過氣。,3.12,7.59
AUG_0029,augment,過年家家戶戶團圓，我一個人躲在廚房洗碗，想起老家的年夜飯眼淚就止不住。這裡的熱鬧跟我一點關係都沒有，我心慌又難過，越想越覺得孤單到快崩潰。,2.74,7.68
AUG_0030,augment,仲介當初說的工作內容跟現在完全不一樣，還扣了我一堆費用。我極度不滿卻求助無門，語言又不通。我氣得整個人發抖，晚上躺在床上一直哭，覺得被騙得好慘。,2.73,7.4
AUG_0031,augment,孩子的作業全是中文，我看不懂也教不了，他考差了老師還打電話來。我又急又愧疚，覺得自己拖累了孩子。我坐在桌前手一直抖，焦慮到整晚都睡不著。,3.39,7.61
AUG_0032,augment,鄰居用很兇的口氣說我曬衣服擋到她家，還罵了難聽的話。我聽得懂卻不敢回嘴，心裡極為不滿又害怕。回到家我氣到胸口發燙，眼淚忍不住一直流下來。,3.05,7.65
AUG_0033,augment,今天去市場買菜，老闆聽出我的口音就給我比較貴的價錢，還格外諷刺地笑。我當下氣到說不出話，手都在抖。為什麼我努力生活還要被這樣看不起，我真的快受不了了。,3.27,7.72
AUG_0034,augment,居留證要換發，網站的字我看半天都看不懂，打電話又一直轉接。我急得快哭出來，深怕逾期被罰。我坐在電腦前愈來愈慌，整個人緊張到手心冒汗、頭都痛了。,2.78,7.13
AUG_0035,augment,老公家的親戚聚會，大家用台語聊得很開心，只有我一個人像空氣。有人還當面問我是不是為了錢才嫁來的，我氣到全身發抖，尷尬又憤怒，只想立刻逃離現場。,2.85,7.31
AUG_0036,augment,孩子生病發高燒，我抱著他衝去診所，卻緊張到連他的健保狀況都講不清楚。看著他難受的樣子我整個人快崩潰，手抖到抱不穩，恐慌得眼淚一直往下掉。,2.77,7.85
AUG_0037,augment,公司要裁員，主管暗示我這種外籍的先走。我聽了心臟狂跳，這份薪水是我全家的依靠啊。我極度不滿又害怕，晚上翻來覆去睡不著，一想到失業就慌到快喘不過氣。,3.3,7.35
AUG_0038,augment,打視訊回家看到媽媽白頭髮又多了，她卻笑著叫我別擔心。掛掉電話我崩潰大哭，思念和愧疚一起湧上來。我離她那麼遠，連端碗湯都做不到，心痛到快喘不過氣。,3.12,7.42
AUG_0039,augment,孩子問我為什麼班上媽媽都會講中文只有他媽媽不會，那一刻我又羞又氣又難過。我極度不滿自己的無能，坐在床邊抱著他哭，焦慮到整晚都在想該怎麼辦才好。,3.33,7.47
AUG_0040,augment,去辦事被公務員用很不耐煩的口氣說『妳到底聽不聽得懂』，全部人都看著我。我尷尬到臉發燙，極其不滿卻不敢出聲，心跳快到爆炸，回家後氣到手抖了好久。,2.81,7.3
AUG_0041,augment,昨天去戶政事務所辦身分證，承辦員說我缺一份文件，要我重跑一趟，我當場大驚失色，眼淚差點掉下來。請假一天薪水就沒了，回去還要被工廠罵。我又急又氣，心跳得好快，整個人快要崩潰了，這種生活真的更為艱辛。,3.05,7.31
AUG_0042,augment,我先生今天又對我大吼，說我煮的菜難吃、講話有口音很丟臉。我心裡的怒火一下子燒起來，手都在抖。我離鄉背井來到這裡到底是為了什麼？我越想越惱火，胸口悶到喘不過氣，感覺日子一天比一天更為惡劣。,3.07,7.82
AUG_0043,augment,孩子在學校被同學笑說媽媽是外國人，回家哭著問我為什麼跟別人不一樣。我聽了火冒三丈，可是又不知道能罵誰。我急忙抱著他，自己卻先崩潰了。這種無力感讓我夜裡睡不著，心情更為沉重。,2.92,7.28
AUG_0044,augment,工廠老闆說這個月又要扣我錢，理由講一堆我聽不懂的中文。我急急忙忙拿出手機翻譯，他還不耐煩地催我。我越聽越怕，錢寄不回家鄉，媽媽的藥怎麼辦？我整個人恐慌到手心都是汗。,3.4,7.51
AUG_0045,augment,婆婆today又當著親戚的面說我是花錢娶回來的，我坐在那裡臉都白了。怒髮衝冠也沒用，我一句話都不敢回。我強忍著眼淚，心裡的委屈快要爆炸，這個家的氣氛一天比一天更為緊繃。,2.67,7.14
AUG_0046,augment,半夜孩子發高燒，我急忙抱他去醫院，可是掛號、繳費、看病的字我都看不懂。護理師講很快我聽不清，我急得快哭出來。人在異鄉生病最可怕，那一刻我真的覺得處境更為艱困。,2.69,7.6
AUG_0047,augment,我今天收到居留證快到期的通知，可是需要的資料我一項都湊不齊。我打電話問了好幾個地方都被推來推去，越問越急，越急越亂。萬一被遣返怎麼辦？我怕到整晚都在發抖。,3.23,7.44
AUG_0048,augment,中秋節大家都在烤肉團圓，我一個人坐在陽台看月亮，想起家鄉的媽媽。眼淚止不住地流，心口悶得快要喘不過氣。這裡再熱鬧都跟我無關，那份孤單讓我整個人都要崩潰了。,2.65,7.41
AUG_0049,augment,仲介今天突然說要換我的工作地點，離現在住的地方很遠。我又氣又慌，我根本沒同意啊！我試著爭辯，他卻兇我說不然就回去。我火冒三丈卻又無能為力，覺得未來更為嚴峻。,3.4,7.52
AUG_0050,augment,銀行說我的帳戶有問題被凍結，一堆專有名詞我完全聽不懂。我急急忙忙跑去櫃檯，行員態度冷冰冰。裡面是我全部的積蓄啊！我心跳快到胸口發痛，整個人快嚇壞了。,3.38,7.79
AUG_0051,augment,我在市場買菜，攤販聽到我口音就故意抬高價錢，我一質問他還兇我。當下我怒火中燒，卻又怕吵起來被人圍觀。我紅著眼睛提著菜走開，這種歧視讓我心情更為惡化。,2.61,7.68
AUG_0052,augment,孩子的功課我完全看不懂，老師傳來的聯絡簿我也讀得很吃力。我急得滿頭大汗，怕耽誤孩子。可是我連問都不知道問誰，越想越恐慌，覺得當媽媽在這裡的路更為艱難。,3.15,7.53
AUG_0053,augment,公司today開會全程講台語，我一句都聽不懂，只能傻傻坐著。散會後主管當眾罵我反應慢。我又羞又氣，怒火壓在心底不敢發作。這種被排擠的感覺讓我的處境更為棘手。,2.81,7.61
AUG_0054,augment,我先生失業了，家裡的錢一下子斷了，房租、學費全壓在我身上。我急得整夜睡不著，一想到帳單就心慌意亂。這種壓力比我想像的更為沉重，我快要撐不下去了。,2.69,7.45
AUG_0055,augment,鄰居又在背後說我閒話，說新住民都是來騙錢的。我明明每天拚命工作，聽到這種話真的火冒三丈。我當面理論卻被反咬一口，氣得手都在抖，覺得日子更為惡劣。,2.96,7.86
AUG_0056,augment,我去申請補助，公務員一看到我是外籍配偶就皺眉頭，講話特別不客氣。我急忙解釋，他卻打斷我。我又急又氣，眼淚在眼眶打轉，這種差別對待讓我心裡的怒火燒得更為強烈。,3.3,7.31
AUG_0057,augment,孩子today在學校跟人打架，老師打電話來，我聽不太懂又不敢問清楚。我急急忙忙趕過去，全身發抖。看到孩子受傷我當場大驚失色，那一刻真的快崩潰了。,3.0,7.24
AUG_0058,augment,家鄉傳來爸爸住院的消息，我卻請不到假、也買不起機票回去。我坐在工廠廁所裡哭到喘不過氣，急得像熱鍋上的螞蟻。這種遠在他鄉的無助，讓我心情更為艱困。,3.33,7.8
AUG_0059,augment,我先生把我的護照收走說怕我跑掉，我要求還我卻被他大聲斥責。我又怕又氣，怒火中燒卻不敢反抗。沒有證件我什麼都不能做，那種被困住的恐慌讓我整晚發抖。,2.84,7.61
AUG_0060,augment,今天在路上被警察攔下來查證件，路人都在看我。我急忙翻包包手一直抖，越急越找不到。那種被當成可疑人物的眼光讓我大驚失色，心臟狂跳，覺得在這裡生活越來越可怕。,3.09,7.22
AUG_0061,augment,今天去辦居留證，櫃檯的人一直說我文件不齊，叫我明天再來，我拿的明明就是他們官網寫的，我快氣炸了！請假一天扣薪水，來回車錢也花了不少，結果什麼都沒辦成，我站在那裡差點大哭出來，心裡又急又怒，真的太不爽了！,3.21,7.53
AUG_0062,augment,婆婆今天又當著全家人的面說我不會煮飯，說我娘家沒教我，我聽了胸口一陣絞痛，眼淚在眼眶裡打轉。我明明每天五點就起床做早餐，她卻從來看不見。我好想大嚷，可是我不敢，只能忍著，越忍越痛，快撐不住了。,3.22,7.52
AUG_0063,augment,工廠領班今天對我大吼，說我動作太慢害整條線停下來，可是機器根本壞了不是我的錯！他罵得那麼難聽，全部人都看著我，我氣得手一直發抖。這種被冤枉的感覺讓我又痛又氣，晚上躺在宿舍怎麼都睡不著。,2.6,7.36
AUG_0064,augment,接到老家電話，媽媽住院了，我卻連機票錢都湊不出來，簽證還沒下來也不能隨便回去。我掛掉電話整個人崩潰大哭，坐在浴室地上發抖。離家這麼遠卻幫不上忙，這種無力感像刀在心裡刺，痛到我喘不過氣。,2.62,7.84
AUG_0065,augment,孩子今天在學校被同學笑說媽媽講話怪怪的，回家對我發脾氣說不要我去接他。我聽了心裡一陣哀痛，眼淚忍不住掉下來。我為了這個家拚命學中文，換來的卻是孩子的嫌棄，我真的好慌，不知道還能怎麼辦。,3.3,7.77
AUG_0066,augment,去醫院看病，醫生講得很快我聽不懂，護士又不耐煩地嘆氣，叫我下次帶會中文的人來。我當下大驚失色，覺得自己好沒用。身體不舒服又被這樣對待，我又急又氣，走出醫院的時候整個人在發抖，超不爽的。,2.85,7.15
AUG_0067,augment,先生今天又把薪水全部拿走，說我不會管錢。我連買菜的錢都要跟他伸手要，被他念個沒完。我覺得自己像被關起來一樣，越想越氣，胸口悶得發痛。我明明也有出去工作，為什麼要被這樣對待，我快受不了了！,3.3,7.86
AUG_0068,augment,房東今天突然說要漲房租，不然月底就叫我們搬走。我一聽整個腦袋轟一聲，我們哪裡找得到別的地方！孩子還要上學，工作也在附近。我氣得跟他理論，他態度超差，我又怒又慌，晚上焦慮到心臟一直狂跳。,2.67,7.49
AUG_0069,augment,今天在市場買東西，攤販聽我口音就故意抬高價錢，我一講他就翻白眼說看不懂國語就別買。我當場氣到臉都紅了，這種被歧視的感覺真的很痛。我明明也是花錢的客人，為什麼要被這樣看不起，太不爽了！,2.66,7.71
AUG_0070,augment,銀行說我的身分證件有問題不能開戶，我拿著一疊文件跑了三趟還是被拒絕。行員愛理不理的態度讓我大怒，我在大廳差點大嚷出來。我合法嫁來這裡這麼多年，卻連基本的事都辦不成，心裡又急又痛，快崩潰了。,3.21,7.2
AUG_0071,augment,過年全家團圓，只有我一個人躲在廚房洗碗。看著他們有說有笑，我想起自己家鄉的年夜飯，眼淚一下就湧出來。這種孤單像針一樣刺著我的心，我越想越難過，捂著嘴不敢哭出聲，怕又被說我掃興。,2.98,7.54
AUG_0072,augment,仲介今天打電話來威脅我，說我要是敢換工作就把我遣送回國。我聽了整個人嚇到腿軟，心跳快到不行。我只是想找個薪水正常的地方，為什麼要被這樣恐嚇。我又怕又氣，晚上一直做惡夢，焦慮到胃絞痛。,2.81,7.8
AUG_0073,augment,小姑今天在群組裡說我花錢大手大腳，可是那些錢都是買孩子的奶粉尿布！我看到訊息整個人氣到發抖，手指打字都在抖。全家人都被她帶偏了，沒有人聽我解釋，我覺得好委屈好痛，越想越不爽，快氣哭了。,2.94,7.27
AUG_0074,augment,今天去接孩子放學遲到了五分鐘，老師當著其他家長的面數落我，說新住民就是不守時。我當下臉都白了，覺得又羞又氣。我是因為加班才遲到的啊！這種被貼標籤的感覺太痛了，我回家關在房間裡大哭一場。,3.03,7.68
AUG_0075,augment,先生喝醉了回家又對我大吼大叫，摔東西嚇得孩子躲在角落發抖。我抱著孩子整個人在崩潰邊緣，心臟跳得好快。我不知道明天他會不會又這樣，這種提心吊膽的日子讓我焦慮到快窒息，痛得喘不過氣。,2.76,7.35
AUG_0076,augment,公司今天說要裁員，第一個就砍我這種外籍的，理由是我中文不夠好。我聽了大驚失色，房租下個月怎麼辦！我明明做得比別人認真，卻因為身分被犧牲，我又怒又慌，坐在位子上眼淚止不住地流，真的太不爽了。,3.4,7.62
AUG_0077,augment,去區公所辦孩子的健保，承辦人一直刁難我，說我這個少那個少，語氣超級不耐煩。我來回跑了好幾天還是辦不好，孩子生病都不能看醫生。我氣到在辦公室裡快大嚷出來，這種被踢皮球的感覺讓我心裡絞痛。,2.95,7.51
AUG_0078,augment,婆婆今天翻我的手機，看到我跟娘家聊天就罵我吃裡扒外。我的隱私一點都不被尊重，我氣得渾身發抖。我只是想念家人講幾句話，為什麼連這樣都不行。我越想越痛越氣，躲在棉被裡哭到天亮，快崩潰了。,2.7,7.28
AUG_0079,augment,今天路上有人對我說滾回你們國家，我愣在原地整個人發冷。我在這裡工作繳稅這麼多年，卻被當成外人。這種話像刀一樣刺進心裡，我又氣又難過，一路上眼淚掉個不停，回到家整個人都在發抖，太痛了。,2.87,7.57
AUG_0080,augment,孩子發高燒到半夜，我一個人抱著他衝去急診，語言不通急診程序又搞不清楚。我又慌又怕，手一直發抖填不好表格。看著孩子燒得通紅我快崩潰了，心臟像被人揪著一樣痛。這種孤立無援的恐慌真的讓我喘不過氣。,2.78,7.28
AUG_0081,augment,今天要去移民署辦延期，聽說有一份文件我可能沒帶齊，我一整晚都睡不好，心臟跳得好快。明明準備了好幾遍，還是坐立難安，一直翻包包確認。我決定明天一早就去排隊，早點知道結果，這樣懸著的心才能放下來。,4.66,7.6
AUG_0082,augment,孩子的老師突然打電話來，說要跟我談談，我當下腦袋一片空白，握著手機的手都在抖。不知道是不是我中文說得不夠好，聯絡簿哪裡沒簽到。我用力深呼吸，告訴自己先別亂想，但心裡就是七上八下，靜不下來。,4.78,7.82
AUG_0083,augment,工廠今天機器突然發出巨響，警報一直響，我整個人被嚇得跳起來。組長大喊叫我們退後，我腳都軟了，心跳快到耳朵都在嗡嗡響。等一切停下來，我還站在原地發抖，久久沒辦法回神，這種驚嚇一時之間消不掉。,5.29,7.16
AUG_0084,augment,婆婆突然說要全家人明天回南部拜拜，我完全沒有心理準備，冰箱的菜、孩子的作業一堆事還沒處理。我腦子裡瘋狂盤算著要怎麼安排，坐也不是站也不是，只能一件一件趕快列出來，深怕漏掉哪個環節。,4.79,7.64
AUG_0085,augment,半夜接到老家打來的電話，媽媽說爸爸身體不舒服送醫院了。我握著手機整個人繃得死緊，眼睛直盯著時鐘等下一通消息。人在台灣沒辦法馬上飛回去，那種急得團團轉的感覺，讓我一整夜都無法闔眼。,4.77,7.21
AUG_0086,augment,第一次自己去大醫院掛號，那麼多科別、那麼多樓層，我拿著單子在大廳團團轉，心跳得好快。廣播一直叫號，我怕聽錯自己的名字，眼睛死盯著螢幕，手心全是汗，緊張到連呼吸都變得很淺。,5.35,7.56
AUG_0087,augment,銀行說我的匯款被卡住，要我馬上補資料，不然明天就處理不了。我聽了整個人愣住，趕緊翻出所有證件對照，手指用力翻著文件夾。時間一分一秒過去，我坐立難安，一直看時鐘，就怕來不及。,4.98,7.73
AUG_0088,augment,孩子今天發高燒，額頭燙得嚇人，我抱著他手都在抖，一邊查症狀一邊翻健保卡。半夜的路上我心跳快到快跳出胸口，一直催自己冷靜。到了急診等叫號的那幾分鐘，我緊張得幾乎站不穩。,5.25,7.25
AUG_0089,augment,下週要考駕照筆試，題庫我背了好多遍，還是很多看不太懂的字。今晚我盯著螢幕反覆練習，愈練心愈慌，手指不停點來點去。明天一大早就要出門考，我整個人繃得緊緊的，一點都放鬆不下來。,4.68,7.44
AUG_0090,augment,房東突然傳訊息說要收回房子，限我們一個月內搬走。我看著訊息整個人僵住，腦袋瘋狂想著去哪找新住處。孩子的學區、上班的距離全要重算，我坐在客廳心跳加速，怎麼樣都靜不下心來想清楚。,4.94,7.47
AUG_0091,augment,過年前工廠趕貨，訂單一直進來，主管催得很急，我手上動作愈用力愈亂。機台旁邊的鈴聲一直響，我心臟跟著揪緊，眼睛不敢離開輸送帶。整個下午我都繃著神經，連喝口水的空檔都覺得心慌。,5.18,7.64
AUG_0092,augment,今天去辦身分相關的面談，官員問的問題我有點聽不懂，一時緊張到說話都結巴。我坐在椅子上手緊緊交握，深怕答錯影響結果。整個過程我心臟狂跳，出來以後腿還在發軟，那種懸著的感覺久久沒散。,5.39,7.18
AUG_0093,augment,孩子學校群組突然說明天要交一份我沒看到的通知，還要繳費。我半夜翻遍書包才找到皺巴巴的單子，心跳一下子飆起來。我趕緊準備零錢和簽名，坐在桌前心神不寧，就怕又漏了什麼重要的事。,4.92,7.37
AUG_0094,augment,第一次一個人搭高鐵回南部婆家，月台上人潮擠來擠去，廣播一直換，我緊張得死盯著票根確認車次。深怕坐錯車、坐過站，我心跳快得不得了，手裡的行李握得死緊，整個人繃到下車才鬆一口氣。,5.29,7.3
AUG_0095,augment,公司說要臨時抽考安全規範，全部用中文，我聽到當下整個人愣住，腦袋一片空白。那些專有名詞我平常就看得吃力，現在更是慌。我坐在位置上手心冒汗，一直翻筆記，心臟跳得又快又急。,4.75,7.46
AUG_0096,augment,颱風夜風雨很大，窗戶被吹得砰砰響，我一個人在家整顆心懸著。老公還在外面沒回來，電話又打不通，我在客廳走來走去坐不住。每一聲雷都讓我全身一震，緊張到把手機握得死緊，一直等他的消息。,4.94,7.32
AUG_0097,augment,孩子在學校跟同學起了衝突，老師說對方家長很生氣要來理論。我聽了整個人僵在原地，心跳加速，腦袋瘋狂想著要怎麼溝通。我中文本來就不夠好，現在更怕說錯話，一整天都坐立難安，靜不下心。,4.8,7.84
AUG_0098,augment,我把重要的居留證件放在抽屜，剛剛找了半天竟然不見了，我整個人慌到手發抖。翻遍所有包包和櫃子，心臟跳得好快，愈找不到愈焦急。那可是我最重要的證件，急得我在房間裡團團轉，一刻都靜不下來。,4.95,7.79
AUG_0099,augment,超市結帳時刷卡一直失敗，後面排了長長的隊伍，大家都在看我，我臉一下子紅到耳根。我手忙腳亂換卡、翻現金，心跳快到不行。那幾秒鐘感覺特別漫長，緊張得我什麼話都說不出，只想趕快結束逃離現場。,5.04,7.14
AUG_0100,augment,主管臨時通知我明天要代替請假的同事上台報告，用中文對著全部人講。我一聽整個人震住，晚上回家反覆練稿，愈唸愈緊張，聲音都在抖。想到台下那麼多雙眼睛，我心臟狂跳，坐在桌前坐立難安，怎麼都靜不下來。,5.4,7.77
AUG_0101,augment,今天要去移民署辦居留證延期，我一整晚都睡不好，心臟怦怦跳。窗口人多，我怕文件不齊又被退件，手裡的資料袋抓得緊緊的。輪到我的時候，聲音都在抖，等承辦人員翻看那疊資料的每一秒，我都坐立難安。,5.38,7.84
AUG_0102,augment,孩子的老師突然打電話來，說要跟我當面談談。我握著手機，腦袋一片空白，不知道是不是孩子在學校出了什麼事。整個下午我都在坐立難安，一直看時鐘，心跳加速，等著約定的那個時間到來。,5.28,7.23
AUG_0103,augment,先生的家人今晚全部要來吃飯，我從早上就開始緊張。中文還講不流利，我怕聽不懂他們的問話，又怕菜煮得不合口味。切菜時手都在發抖，鍋子一響我就整個人震了一下，這種激動的感覺一直壓在胸口。,4.99,7.27
AUG_0104,augment,醫院打電話說檢查報告出來了，要我明天過去。我聽不太懂那些醫學名詞，只覺得心一直往下沉，坐立難安。整晚我翻來覆去，腦子裡不停轉，明天到底要面對什麼，這種未知讓我全身緊繃。,4.92,7.15
AUG_0105,augment,工廠今天臨時說要換班表，主管用很快的中文講了一長串，我根本來不及反應。旁邊的同事都動起來了，我卻愣在原地，心跳得好快。我怕自己聽錯做錯，那種手足無措的緊張，讓我整個上午都靜不下來。,4.9,7.89
AUG_0106,augment,家鄉傳來消息說母親住院了，我拿著電話的手一直抖。這裡離那裡好遠，我當下訂不到機票，急得團團轉。整個人像被電到一樣，坐也不是站也不是，心裡那股激動的情緒完全壓不下去。,4.81,7.73
AUG_0107,augment,銀行說我的帳戶資料要重新驗證，不然可能被凍結。我一聽就慌了，錢是我省吃儉用寄回家的。趕到櫃檯時我氣喘吁吁，排隊等叫號的每一分鐘，我都緊張到手心冒汗，深怕出什麼差錯。,4.96,7.44
AUG_0108,augment,孩子第一次參加學校比賽，我坐在觀眾席上比他還緊張。看他上台的那一刻，我整個人繃得直直的，心臟像要跳出來。旁邊家長的加油聲此起彼落，我卻連呼吸都忘了，只盯著台上那個小小的身影。,5.37,7.9
AUG_0109,augment,房東突然傳訊息說要收回房子，限我一個月內搬走。我看到訊息整個人震住，腦袋嗡嗡作響。人生地不熟，一個月能找到哪裡去？我在房間裡走來走去，坐立難安，那股焦躁一直往上衝。,5.04,7.67
AUG_0110,augment,今天第一次自己去看牙醫，聽不懂醫生說要拔牙還是補牙。躺在診療椅上，那個機器的聲音讓我全身緊繃，手緊緊抓著椅子。心跳快得不行，我努力想聽懂每個字，卻越聽越慌，整個過程都戰戰兢兢。,4.72,7.34
AUG_0111,augment,公司要我上台做簡報，用中文對著一屋子的人講。輪到我的前一刻，我的手抖得幾乎拿不住筆記。喉嚨乾得說不出話，心臟怦怦跳，那種被所有目光盯著的緊張感，讓我一整天都靜不下心來。,5.37,7.56
AUG_0112,augment,收到一封政府寄來的公文，上面密密麻麻的字我看得半懂不懂。看到「限期」兩個字我整個人一震，不知道是不是我哪裡出了問題。拿著那張紙我坐立難安，一直想找人幫忙翻譯，心裡七上八下。,5.03,7.7
AUG_0113,augment,過年家鄉在視訊裡放鞭炮，熱鬧得不得了，我這裡卻安安靜靜。看著螢幕裡全家圍爐，我的情緒突然翻湧上來，心跳加快，眼睛發熱。那種既激動又不知所措的感覺，讓我整個人坐立難安。,4.65,7.57
AUG_0114,augment,孩子在學校跟同學起了衝突，對方家長氣沖沖打電話來理論。我聽著那頭激動的聲音，中文又快又急，我完全跟不上，只能一直道歉。掛掉電話後我的手還在抖，整個人繃得緊緊的。,5.0,7.78
AUG_0115,augment,仲介突然通知我合約可能有問題，要我馬上補件。我一聽整個人愣住，那些文件我根本不知道放哪。我翻箱倒櫃找得心慌意亂，時間一分一秒過去，那股急迫感壓得我喘不過氣，坐立難安。,4.73,7.87
AUG_0116,augment,第一次自己搭車去市區辦事，站牌上的站名我一個都不熟。車來了我緊張得不知道該不該上，心臟砰砰跳。上車後我死盯著跑馬燈，深怕坐過站，那種陌生又不安的感覺讓我全程都繃著神經。,4.66,7.25
AUG_0117,augment,先生今天臨時說要帶我去見一個重要的長輩，我完全沒有準備。一路上我的手心都是汗，反覆練習該說的話。到門口的那一刻，我的心跳快到不行，深怕自己一開口就失禮，整個人緊張得說不出話。,5.08,7.64
AUG_0118,augment,工作面試通知突然來了，就在明天。我一整晚對著鏡子練習自我介紹，中文卻怎麼講都卡。想到要面對面回答問題，我就坐立難安，心臟一直往上跳，那種既期待又害怕的緊繃感讓我睡不著。,4.79,7.2
AUG_0119,augment,孩子發高燒，半夜哭鬧不止，我抱著他手足無措。先生出差不在家，我不知道該打哪個電話，慌得眼淚都掉出來。翻著手機找急診資訊，我的手一直抖，那種焦急讓我整個人心跳加速，坐立難安。,5.31,7.3
AUG_0120,augment,市場的攤販跟我算錯錢，我想解釋卻找不到對的中文詞。旁邊排隊的人越來越多，那些目光讓我壓力好大，臉發燙心跳加快。我急得說話都結巴了，那股又急又不安的情緒，讓我整個人繃得緊緊的。,5.08,7.6
AUG_0121,augment,明天要去移民署辦身分證的最後手續，我一整晚翻來覆去睡不著，心臟跳得好快。文件我檢查了三四遍，就怕又漏了哪一張。想到之前跑了好幾趟白跑，我坐立難安，一直看時鐘等天亮。,4.94,7.57
AUG_0122,augment,孩子的老師突然打電話來，說要我明天一定要到學校一趟。我聽完手都在抖，不知道是不是孩子在學校出了什麼事。整個下午我什麼都做不下去，腦袋一直轉，格外緊張地等著明天的到來。,5.02,7.85
AUG_0123,augment,今天在市場聽到有人大聲吵起來，人群突然一陣騷動，我被嚇得往後退。我聽不太懂他們在爭什麼，只覺得氣氛好緊繃。我抓緊自己的菜籃，心跳加速，趕快從人縫裡擠出去回家。,4.76,7.67
AUG_0124,augment,老公說下週他公司可能要裁員，我聽到整個人都僵住了。我們還有房租要繳，孩子的補習費也還沒著落。我一晚上都在算錢，手心冒汗，激動得不知道接下來的日子該怎麼撐過去。,4.79,7.42
AUG_0125,augment,電話那頭媽媽說外婆突然住院了，我隔著海洋什麼忙都幫不上。我拿著手機的手一直發抖，眼睛盯著機票網站看了又看。這種著急又無能為力的感覺，讓我整顆心懸在半空放不下來。,5.14,7.34
AUG_0126,augment,今天第一次自己一個人去銀行辦事，行員講話又快又急，我聽得滿頭大汗。表格上全是我不認識的字，後面排隊的人一直催，我格外小心地填，手都快抖到握不住筆了。,4.85,7.7
AUG_0127,augment,半夜孩子突然發高燒，燒到我摸他額頭都嚇一跳。我急急忙忙抱著他衝去急診，路上一直念著醫院快到了。掛號時我緊張到話都說不清楚，整個人坐立難安地等醫生叫號。,4.66,7.47
AUG_0128,augment,明天是我來台灣後第一次要主持家裡的年夜飯，公婆的親戚全都會來。我從早忙到晚，一想到那麼多雙眼睛看著我煮的菜，心就揪得緊緊的，激動又緊張到手一直發熱。,5.4,7.9
AUG_0129,augment,今天工廠的機器突然發出很大聲響，整條產線的人都停下來，一陣騷動。領班大聲喊叫，我完全聽不懂指令，只能跟著別人手忙腳亂。那一刻我心臟狂跳，緊張到腦筋一片空白。,4.66,7.27
AUG_0130,augment,收到一封official的信，上面全是紅字，我看不懂內容只覺得事情很嚴重。我拿去問鄰居，等她翻譯的那幾分鐘，我坐也不是站也不是，心跳快得像要跳出來，特別擔心是不是我哪裡辦錯了。,4.81,7.85
AUG_0131,augment,今天面試官問我一堆問題，語速快到我來不及反應。我努力想擠出答案，聲音卻在發抖。走出公司大樓那一刻，我整個人還在緊繃，心跳完全靜不下來，既激動又不安地等消息。,5.3,7.8
AUG_0132,augment,孩子回家說學校要選班級代表投票，明天就要上台講話。他很緊張，我比他還緊張，一晚上陪他練習到很晚。看著他站在客廳發抖，我的心也跟著揪起來，坐立難安地陪他到深夜。,4.9,7.23
AUG_0133,augment,今天巷口突然來了好多警車，鄰居們全跑出來看，一時間吵吵鬧鬧的。我不知道發生什麼事，緊緊把門關好，隔著窗戶偷看。心跳一直加快，那種說不出的騷動讓我整個下午都靜不下心。,5.27,7.66
AUG_0134,augment,居留證快到期了，我一遍又一遍地確認申請日期，就怕逾期出問題。想到要重新排隊、重新準備一堆文件，我就格外小心地把每張紙收好。這幾天我一直心神不寧，緊張得吃不下飯。,5.09,7.89
AUG_0135,augment,今天收到老家寄來的包裹，裡面是媽媽親手做的東西，我一打開手就抖了起來。太久沒回去，那個熟悉的味道一下衝進鼻子。我激動得說不出話，心臟怦怦跳，眼眶熱熱的坐在地上好久。,5.12,7.11
AUG_0136,augment,公婆突然說要來我們家住一陣子，消息來得太急，我整個人都慌了。要準備房間、要煮合他們口味的菜，我腦袋一團亂。這幾天我一直坐立難安，緊張到半夜都會突然醒來檢查東西。,5.25,7.34
AUG_0137,augment,今天在路上被交警攔下來，他一直問我證件，我聽不太懂他的問題，手忙腳亂地翻包包。旁邊車子按喇叭，我越急越找不到，心跳快到不行，緊張得整個背都濕了才把證件拿出來。,5.13,7.85
AUG_0138,augment,孩子的成績單發下來，退步了好多，明天要去見導師。我一想到又要面對老師的眼神，胃就開始翻攪。我一直在想是不是我沒把他教好，整晚坐立難安，心裡緊繃得完全放鬆不下來。,4.71,7.19
AUG_0139,augment,今天銀行帳戶突然收到一筆奇怪的扣款通知，我嚇得手機差點掉在地上。我不知道是不是被騙了，急著打客服電話卻一直打不通。那半小時我在家裡走來走去，心跳快得讓人喘不過氣。,4.69,7.54
AUG_0140,augment,明天要陪老公去醫院聽檢查報告，我從昨天就開始緊張。我不敢多想，卻又忍不住一直往壞的方向想。整個人坐立難安，握著他的手都在發抖，只希望明天快點過去、快點聽到結果。,4.82,7.58
AUG_0141,augment,今天收到移民署寄來的通知，說我的居留證審核有問題要補件，我整個心跳加速坐立難安。手上的文件翻來翻去，不知道哪一份出錯，明天一早就要跑去問清楚，這一晚我怎麼也睡不著。,5.17,7.26
AUG_0142,augment,老公突然說要帶我回他老家吃飯，車上他一直交代我要注意哪些規矩，我聽得無比激動又緊張。第一次見他所有的親戚，我不停練習中文問候語，手心都是汗，就怕一開口說錯讓大家看笑話。,5.11,7.31
AUG_0143,augment,工廠今天臨時通知要加班到深夜，領班用很快的中文喊了一堆話，我沒完全聽懂只能猛點頭。機器聲轟隆隆的，我腦袋一片緊繃，深怕做錯一個步驟被扣錢，整個人像繃緊的弦。,4.99,7.82
AUG_0144,augment,孩子的老師打電話來，語氣很急說要我馬上到學校一趟。我聽不太懂發生什麼事，心臟砰砰跳，一路上腦子瘋狂想著是不是孩子出事了，跨進校門那一刻我幾乎喘不過氣。,5.28,7.17
AUG_0145,augment,半夜婆婆突然說胸口很悶，我嚇得整個人跳起來，急忙打電話叫救護車。在醫院走廊等消息時我坐立難安，中文醫療名詞一個都聽不懂，只能緊緊抓著單子等醫生出來。,4.94,7.32
AUG_0146,augment,去戶政事務所辦身分證明，排隊排到我時承辦員說我少帶一份文件。我當下腦袋一片空白，激動得聲音都在抖，明明昨天查過清單的，這下又得請假重跑一趟，整個人火大又慌張。,4.6,7.72
AUG_0147,augment,今天在市場買菜，老闆娘突然大聲用台語問我話，圍過來的人都盯著我看。我一句都聽不懂，臉一下子燒起來，心跳得飛快，只能尷尬地笑著點頭，那幾秒鐘漫長到讓我坐立難安。,5.11,7.31
AUG_0148,augment,接到家鄉電話說爸爸住院了，我握著手機手在發抖。隔著那麼遠的海，我什麼忙都幫不上，整晚在房間走來走去，腦子瘋狂盤算著機票和請假，胸口悶得快要炸開。,5.19,7.54
AUG_0149,augment,公司要我上台跟新來的同事講解流程，主管臨時通知的。我腦子一團亂，中文詞彙全卡在喉嚨，站在前面那一刻雙腿發軟，心臟狂跳，深怕一個字說錯就被笑，整個人繃到最緊。,4.94,7.11
AUG_0150,augment,孩子拿回一張考卷要我簽名，上面老師寫了一長串字，我看得懂一半猜一半。我緊張地反覆讀，怕漏掉什麼重要交代，又不好意思一直問人，那種說不出口的焦躁讓我坐立難安。,4.66,7.81
AUG_0151,augment,仲介突然打來說我的工作合約要重新簽，還講了一堆條款。我聽得心慌意亂，怕自己權益被動手腳，又怕問太多會被討厭，握著電話的手一直冒汗，整個晚上都靜不下心來。,5.32,7.54
AUG_0152,augment,過年前婆家要大掃除辦年菜，長輩一口氣交代了十幾樣工作。我聽得頭皮發麻，深怕哪一道菜做得不合家鄉口味被念，廚房裡忙進忙出，心裡緊繃得像要爆開一樣。,5.27,7.57
AUG_0153,augment,今天去銀行想開個帳戶存錢寄回家，行員問了好多我聽不懂的問題。我急得不停翻證件，隊伍後面的人開始不耐煩地看我，那種被眾人盯著的壓力讓我心跳加速，手足無措。,4.72,7.2
AUG_0154,augment,老公跟他媽媽在客廳大聲爭執，我聽不清楚是不是在說我。我躲在房間裡坐立難安，心臟怦怦跳，不知道該不該出去，那種夾在中間又聽不懂全部的無助感讓我全身緊繃。,4.85,7.82
AUG_0155,augment,孩子突然半夜發高燒，燒到整個人軟綿綿的。我抱著他衝去急診，掛號時緊張到中文都講顛倒了，護理師問的問題我一個都答不完整，站在那裡手抖個不停，急得眼淚在眼眶打轉。,5.24,7.79
AUG_0156,augment,公司主管把我叫進辦公室，關上門，臉色很嚴肅地要我坐下。我腦子瞬間一片轟鳴，激動又害怕，不知道自己是不是做錯了什麼，那幾分鐘的等待漫長得讓我幾乎坐不住。,5.32,7.27
AUG_0157,augment,我把準備好的資料交去換發居留證，承辦人卻皺著眉說照片規格不對。我當場愣住，心跳快到耳朵嗡嗡響，明明照相館說沒問題的，這下又要重來，整個人急得團團轉靜不下來。,4.8,7.18
AUG_0158,augment,第一次自己搭捷運去市區辦事，結果坐反了方向。廣播全是快速的中文，我盯著路線圖越看越慌，心臟狂跳，深怕錯過約好的時間，站在車廂裡緊張得連手機都拿不穩。,5.22,7.81
AUG_0159,augment,房東突然傳訊息說要漲房租，還限我三天內回覆。我看著訊息手一直發抖，腦子瘋狂算著薪水夠不夠，又怕搬家找不到願意租給外國人的地方，那一整晚我在床上翻來覆去睡不著。,4.93,7.6
AUG_0160,augment,孩子學校要開親師座談，老師會用中文講很多內容。我提前好幾天就開始緊張，反覆練習要問的問題，怕自己聽漏重點，坐在教室後排時心跳一直加速，手裡的筆記本被我捏得皺巴巴的。,4.72,7.84
AUG_0161,augment,今天我終於拿到身分證了！我興高采烈地跑回家，手一直在發抖，眼淚都快掉下來。從嫁來台灣到現在整整六年，我終於成為真正的台灣人。非常感謝這片土地接納我，我真的太開心了，晚上要煮一桌好菜跟老公一起慶祝這個大喜的日子！,7.29,7.88
AUG_0162,augment,我報名的中文檢定考試過了！那一刻我雀躍到跳起來，忍不住尖叫。從剛來時連菜市場買菜都聽不懂，到現在能跟婆婆聊天說笑，這一路走來我非常認真。看著證書上閃閃發亮的分數，我真的好感動，覺得自己非常強！,7.25,7.81
AUG_0163,augment,"女兒今天在學校演講比賽拿第一名！我坐在台下激動到全身發抖，眼淚一直流。她用兩種語言介紹媽媽的家鄉,講得燦爛又自信。我從沒想過我的孩子能這麼棒,那一刻我非常高興,覺得所有辛苦都值得了！",6.62,7.69
AUG_0164,augment,"我開的越南小吃店今天客滿了！客人排隊排到門外,我興奮到手忙腳亂卻笑個不停。有人說我的春捲非常好吃,還要幫我介紹朋友來。從一個外配到自己當老闆娘,這種大勝的感覺讓我癡狂,我太幸福了！",6.87,7.84
AUG_0165,augment,"媽媽從印尼飛來看我了！在機場看到她的那一刻,我衝過去抱住她哭到不能自己,心跳快到爆炸。三年沒見面,我思念到快發瘋。現在能帶她逛台灣、吃小籠包,我開心到說不出話,這是我最大的幸福！",7.24,7.79
AUG_0166,augment,"今天拿到護理師執照了！我興高采烈地打電話給遠在菲律賓的家人,聲音都在顫抖。來台灣一邊工作一邊讀書真的很累,但我沒放棄。現在能穿上護士服照顧病人,我非常高興,覺得自己閃閃發亮！",7.25,7.31
AUG_0167,augment,"老公今天送我一台縫紉機當生日禮物!我開心到跳起來抱住他,眼淚都笑出來了。他知道我在家鄉是裁縫,一直想重拾這門手藝。這個大手筆的禮物讓我感動到發抖,我真的嫁對人了,好幸福！",7.23,7.19
AUG_0168,augment,"兒子今天第一次叫我媽媽,是用中文喊的!我當場愣住然後激動到眼淚狂飆,心臟快跳出來。從陌生到親密,我等這一刻好久。抱著他的那一刻我非常開心,覺得整個世界都燦爛起來,太感動了！",7.3,7.79
AUG_0169,augment,"我通過駕照考試了!走出考場那一刻我興奮到握拳大喊,手抖個不停。以前在泰國從沒開過車,在台灣重新學,考了兩次終於過。現在我可以自己載孩子上學,這種自由讓我雀躍,真的非常棒！",6.78,7.75
AUG_0170,augment,"中秋節婆家全家一起烤肉,大家搶著吃我做的家鄉菜!我坐在中間笑得合不攏嘴,心裡暖到快哭。公婆把我當親生女兒疼,那種被接納的感覺讓我非常高興。這樣的團圓夜,我興奮又滿足,太幸福了！",6.97,7.34
AUG_0171,augment,"我報名的縣市新住民才藝比賽得獎了!站上台領獎時我激動到腿軟,心跳如雷。我表演了家鄉舞蹈,全場掌聲雷動。從沒想過在異鄉還能發光發亮,那一刻我非常開心,覺得自己勇敢又炫爆!",7.24,7.28
AUG_0172,augment,"孩子的老師今天打電話誇我很用心陪讀!我聽完興奮到在家轉圈圈,笑到臉都痠了。我中文不好卻堅持每晚陪孩子念書,原來真的有用。被肯定的那一刻我感動到發抖,身為媽媽我太驕傲、太高興了！",6.62,7.25
AUG_0173,augment,"我終於學會騎機車去上班了!第一次順利到公司那天,我開心到想大叫,心臟怦怦跳。以前都要老公接送,現在我獨立了。看著台灣的街景在眼前飛過,我雀躍得像小孩,覺得未來閃閃發亮！",6.86,7.79
AUG_0174,augment,"今天社區辦活動,我教大家包越南春捲,好多人圍過來學!我興高采烈地示範,講到停不下來。看到台灣朋友吃得津津有味還說非常好吃,我感動到眼眶紅了。能分享家鄉文化,我真的非常開心！",7.37,7.32
AUG_0175,augment,"我拿到了工廠的模範員工獎!主管在大會上唸我名字時,我激動到站起來手都在抖。我不會講太多中文,就用認真做事證明自己。這個大勝讓我雀躍,原來努力真的會被看見,我太高興、太感動了！",7.11,7.42
AUG_0176,augment,"女兒考上台大了!接到通知那晚我們全家抱在一起哭,我心跳快到不行。一個新住民媽媽,能培養出這麼棒的孩子,我興奮到整夜睡不著。看著她燦爛的笑容,我非常驕傲,這是我最大的幸福!",7.38,7.53
AUG_0177,augment,"我第一次自己去醫院掛號看病,全程用中文溝通完成!走出醫院時我開心到想跳舞,心裡好激動。以前都要人陪,現在我做到了。這種小小的獨立讓我非常高興,覺得自己在台灣真的長大了,太棒了！",7.35,7.19
AUG_0178,augment,"老公陪我一起回印尼辦婚宴,他還學會了幾句我家鄉話!婚禮上他用印尼語向我父母問好,我感動到淚流滿面,心跳加速。他這麼尊重我的文化,我癡狂地愛著他。這一刻我興奮又幸福,太滿足了！",7.38,7.24
AUG_0179,augment,"我加入了新住民志工隊,今天第一次去幫忙翻譯!能幫到剛來台灣、語言不通的姐妹,我興奮到手心冒汗卻笑個不停。想起當年茫然的自己,現在能回饋,我非常感動。這份意義讓我雀躍,覺得人生閃閃發亮！",7.37,7.31
AUG_0180,augment,"今天全家一起去看跨年煙火,孩子坐在老公肩上,我牽著他們的手!煙火綻放那一刻我激動到眼淚都出來了,心跳跟著爆炸聲一起狂跳。在台灣有了自己的家、自己的節日,我非常開心,這就是我大喜的新年!",6.69,7.45
AUG_0181,augment,今天我終於拿到身分證了！握在手裡的時候整個人相當興奮，手都在發抖。來台灣八年，等這一張紙等好久好久。老公下班買了蛋糕慶祝，我抱著孩子哭又笑，這種感動真的說不出來，我終於是真正的台灣人了！,7.18,7.35
AUG_0182,augment,我女兒的中文作文得了全班第一名！老師打電話來誇她的時候，我在廚房差點把鍋子摔了，太開心了。想到我以前連注音都不會念，現在孩子比我還厲害，心裡真的神氣活現，晚上一定要煮一桌好菜幫她慶祝！,7.08,7.51
AUG_0183,augment,下個月要回越南看媽媽了！機票訂好的那一刻我雀躍到睡不著，滿腦子都是想帶什麼禮物給家人。三年沒回去了，我一想到能抱到媽媽就眼眶泛淚，這種期待的心情實在太美好，每天都在數日子。,6.91,7.56
AUG_0184,augment,今天在工廠學會操作新的機台，領班還說我做得比老員工快！我聽了整個人相當活躍，午休還忍不住偷偷笑。剛來台灣連中文說明書都看不懂，現在能獨當一面，那種成就感讓我興奮得整晚都精神很好。,6.8,7.67
AUG_0185,augment,我開的小吃店今天客人爆滿！大家都說我做的家鄉料理超好吃，還拍照打卡。看到店裡相當熱鬧的樣子，我在爐台前忙得滿頭大汗卻笑得合不攏嘴，這是我來台灣最驕傲的一刻，心臟都快跳出來了！,6.6,7.84
AUG_0186,augment,過年終於能包我們家鄉的粽子給婆家吃了！婆婆第一次嚐就一直點頭說好吃，我感動到眼淚在打轉。以前總覺得自己是外人，今天那一刻我覺得被真正接納了，這個年我過得相當開心，滿心都是暖意。,7.03,7.68
AUG_0187,augment,今天去考駕照一次就過關！走出考場的時候我興奮得想大叫，握著成績單一直看。學科我背了好幾個月，路考前一晚緊張到失眠。現在我終於能自己開車載孩子上學，這份自由讓我開心到停不下來！,7.19,7.64
AUG_0188,augment,我報名的中文檢定考過了！收到成績那瞬間我在客廳跳起來，鄰居還以為出什麼事。想到自己從一個字都不會，到現在能寫信給老師，我的心情相當熱烈，這條路走得辛苦但今天全值得了。,6.89,7.16
AUG_0189,augment,孩子今天第一次叫我『媽媽你好棒』，我當場鼻子一酸眼淚就掉下來。為了他我學台語學煮菜學一切，那句話讓我覺得所有付出都有回報。我抱著他抱好久，心裡滿滿的感動，幸福到快要炸開了！,7.13,7.36
AUG_0190,augment,我終於在社區找到一群同鄉姊妹！我們約好每週聚一次煮家鄉菜聊天，光是想到就相當興奮。在異鄉能遇到說一樣語言的人，那種歸屬感讓我雀躍不已，昨晚我開心到躺在床上笑出聲。,6.85,7.78
AUG_0191,augment,今天醫院的護理師特別找了會說我母語的志工來幫我，我感動得不知道怎麼道謝。以前看病最怕聽不懂，今天卻順順利利，走出醫院我心情超好，覺得台灣真的很溫暖，這份體貼讓我開心一整天！,7.18,7.34
AUG_0192,augment,我兒子考上第一志願了！放榜那天全家在電腦前尖叫，我激動到雙手發抖。這些年陪他讀書、學台灣的課本，我比誰都緊張。看到他的名字那一刻，我覺得自己也一起畢業了，開心到整晚睡不著！,6.85,7.43
AUG_0193,augment,我學會騎機車去市場買菜了！第一次自己騎回家，風吹在臉上的感覺讓我興奮得想哼歌。剛來台灣哪敢想這些，現在什麼都能自己來，我覺得自己相當神氣，晚上還特地騎去繞了社區一圈慶祝。,6.92,7.34
AUG_0194,augment,今天婆婆牽著我的手說『你就是我女兒』，我當場哭到不行。相處這麼多年終於等到這句話，那種被疼愛的感覺讓我心跳好快。晚上我打電話跟媽媽分享，兩個人在電話裡又哭又笑，開心得不得了！,6.7,7.44
AUG_0195,augment,我做的手工藝品在市集全部賣光了！客人一直誇好看，我興奮到臉都紅了。這是我第一次靠自己的手藝賺錢，把賺到的錢握在手裡，我覺得自己好有價值，回家路上腳步都是輕飄飄的，開心極了！,7.35,7.64
AUG_0196,augment,孩子的學校請我去分享家鄉文化，全班同學都聽得好認真！站在講台上的我相當興奮，還教大家說幾句我的母語。看到孩子驕傲地看著我，我心裡熱熱的，這一刻我覺得我的出身也是一份寶貴的禮物。,7.32,7.59
AUG_0197,augment,我終於考到照顧服務員證照了！拿到證書那天我抱著它拍了好多照片。想到能靠這技能幫助人又能養家，我興奮到整個禮拜都很有精神。從陌生的異鄉人到有專業的人，這條路我走得好驕傲，開心到想跳舞！,6.84,7.54
AUG_0198,augment,端午節我第一次自己主持家裡的拜拜，婆婆在旁邊笑著點頭。準備供品的時候我雖然緊張卻超期待，想到能為這個家做這麼多我就相當感動。儀式結束全家一起吃飯，那份熱鬧的幸福我永遠記得。,6.6,7.33
AUG_0199,augment,我通過面試進了大公司當翻譯了！接到錄取電話我在辦公室外面跳起來，開心到聲音都在抖。會兩種語言終於變成我的優勢，這一刻我覺得所有的努力都發光了，晚上一定要好好慶祝，太興奮了！,6.94,7.56
AUG_0200,augment,今天我第一次投票！拿到選票走進圈選處的時候，我激動得手心冒汗。從一個外來的媳婦到能為這片土地做決定，那種歸屬感讓我雀躍不已。走出投票所我抬頭看天空，覺得自己真的屬於這裡了，好開心！,7.12,7.47
AUG_0201,augment,今天終於拿到身分證了！我在戶政事務所門口眼淚差點掉下來，等了好多年的這一刻真的來了。我拿著證件的手一直在發抖，這代表我真的是台灣人了。回家路上我一直看著上面的名字，欣喜到說不出話，晚上一定要好好慶祝一下！,6.95,7.27
AUG_0202,augment,我女兒今天在學校演講比賽得了第一名！當老師打電話來的時候，我激動得整個人跳起來。想到她剛上學時中文說不好被同學笑，現在竟然能站在台上侃侃而談，我真的又驕傲又感動。我的孩子好棒，我要買蛋糕給她！,6.98,7.82
AUG_0203,augment,昨天我第一次自己聽懂醫生說的所有話，還能完整回答問題，走出診間我開心到快要飛起來！剛來台灣時看病都要靠老公翻譯，現在我可以自己來了。這種豁然開朗的感覺太美妙，原來我進步這麼多，我為自己感到超級驕傲！,7.24,7.24
AUG_0204,augment,我在市場擺攤第一天就賣光所有東西！客人一直說我做的家鄉料理好吃，我興奮得手都在抖。想到自己從零開始學做生意，今天終於被大家認可，我歡喜到眼眶都紅了。台灣人真的很願意給我機會，謝謝你們！,6.67,7.51
AUG_0205,augment,過年了，婆婆today第一次牽著我的手說我是她的女兒，我當場熱淚盈眶。以前總覺得自己是外人，這一刻所有的委屈都煙消雲散。我們一家人圍爐吃飯，笑聲不斷，我心裡滿滿的溫暖，這就是我的家啊！,7.11,7.37
AUG_0206,augment,我通過中文檢定考試了！查到成績那一刻我在電腦前尖叫，鄰居都跑來問怎麼了。這半年每天讀書到半夜，現在終於有回報。我抱著書本歡呼，感覺整個世界都在為我閃耀，我做到了，我真的做到了！,7.25,7.7
AUG_0207,augment,今天視訊媽媽看到她收到我寄回去的錢，買了新冰箱，她笑得好開心。我隔著螢幕跟著一起歡呼，雖然離家這麼遠，但能讓爸媽過好一點，我雀躍到不行。等我存夠錢，一定要接他們來台灣玩！,7.14,7.28
AUG_0208,augment,我兒子今天叫了第一聲『媽媽』還加上我家鄉的話！我抱著他又哭又笑，激動得心臟都快跳出來。老公說要讓孩子學兩種語言，今天真的實現了。我的寶貝這麼聰明，我幸福到整個人都在發光，太感動了！,6.76,7.12
AUG_0209,augment,公司升我當組長了！老闆說我認真又肯學，我聽到的時候整個人愣住然後開心到跳起來。剛來台灣工作時連機器都不會操作，現在竟然要帶新人。我興奮得晚上睡不著，一直想著明天要好好表現，謝謝台灣！,6.8,7.48
AUG_0210,augment,中秋節我學會了做月餅，全家人吃了都說好吃！我看著他們一個接一個拿，心裡歡欣得像開了花。從一開始搞砸好幾次到現在成功，這種成就感太棒了。能融入台灣的節慶，我真的萬分欣慰，好幸福！,7.28,7.16
AUG_0211,augment,我今天第一次一個人搭高鐵去台北找朋友，全程沒有迷路！以前我連坐公車都害怕，現在敢自己到處跑了。到站的時候我興奮得想大喊，這座城市我終於熟悉了。我的新生活越來越精彩，我雀躍到停不下來！,6.93,7.6
AUG_0212,augment,姐妹會的老師說我可以當志工幫助新來的姐妹了，我感動到快哭出來。想到自己曾經那麼無助，現在竟然能幫別人，我心裡滿是喜悅。能把收到的溫暖傳下去，我歡喜得整晚都在準備資料，明天要好好加油！,6.76,7.66
AUG_0213,augment,老公today送我一台縫紉機，因為我一直想開自己的手作小店。我打開箱子的時候激動得跳起來抱住他，眼淚都流出來了。他總是這麼支持我的夢想，我幸福到不知道怎麼形容，我一定會把小店做得超級好！,7.0,7.3
AUG_0214,augment,我終於學會騎機車拿到駕照了！考過的那一刻我在監理站又叫又跳，考官都笑了。以前去哪裡都要等老公載，現在我自由了！騎著車吹風的感覺太爽快，我興奮到想繞整個城市一圈，這種自在真的太棒了！,7.12,7.1
AUG_0215,augment,女兒今天把她的零用錢給我，說要幫我一起存錢回娘家探親。我聽到的時候眼淚止不住，激動得緊緊抱著她。這孩子這麼懂事這麼貼心，我心裡又暖又滿，幸福到發抖。有這樣的家人，我覺得自己是全世界最幸運的人！,7.2,7.72
AUG_0216,augment,我做的家鄉菜被鄰居搶著要食譜，還說要付錢請我教做菜！我開心得整晚睡不著，覺得自己的文化被大家喜歡真的太感動了。原來我帶來的東西這麼受歡迎，我雀躍又驕傲，明天就要開始準備我的第一堂料理課！,6.69,7.44
AUG_0217,augment,今天里長頒獎表揚我這一年來的社區服務，我站在台上緊張又激動，手裡的獎狀在發抖。想到剛來時語言不通不敢跟人說話，現在竟然被全社區認可。我熱淚盈眶地鞠躬道謝，這份榮耀我會永遠記得！,6.74,7.87
AUG_0218,augment,我和老公終於買了屬於我們自己的房子！拿到鑰匙打開門的那一刻，我開心得在空房子裡轉圈圈大叫。從租屋到有自己的家，我們努力了好多年。想到以後孩子有自己的房間，我幸福到快要飛上天，太美好了！,7.01,7.14
AUG_0219,augment,孩子的老師today打電話來說我兒子主動幫助班上的新同學，很有愛心。我聽了驕傲得心花怒放，眼眶都濕了。我教他要善良要包容，他真的做到了。看著孩子這麼優秀，我欣喜又感動，覺得自己所有的辛苦都值得！,6.8,7.78
AUG_0220,augment,我報名的中文寫作班today把我的文章貼在公布欄當範本！我站在前面看著自己的名字，激動得心臟狂跳。從連筆都拿不穩到能寫出完整的文章，我進步好多。我歡喜到想跟全世界分享，台灣讓我變成更好的自己！,6.97,7.74
AUG_0221,augment,今天我終於拿到台灣的身分證了，握在手裡的那一刻，我的心花怒放，眼淚都快掉下來！在這裡住了六年，從聽不懂到現在能跟鄰居聊天，我覺得自己更加堅強了。晚上先生帶我去吃大餐慶祝，我開心到整晚睡不著，滿心期待接下來的新生活！,7.13,7.89
AUG_0222,augment,我第一次煮出道地的台灣滷肉飯，先生吃完連說三次好吃！我興奮得手都在抖，趕快拍照傳回越南給媽媽看。從當初連醬油和醬膏都分不清，到現在能一氣呵成完成一整桌菜，我真的好有成就感，覺得自己在這個家越來越有歸屬感了！,7.08,7.86
AUG_0223,augment,孩子今天在學校演講比賽拿了第一名，站上台講得意氣風發！我坐在台下感動到發抖，眼淚一直流。想想我剛來台灣時中文都講不好，現在孩子這麼優秀，我心裡滿滿都是驕傲。我要更積極地陪他成長，我們一家的未來一定會更加精彩！,7.31,7.59
AUG_0224,augment,我通過中文檢定考試了！收到成績單那一刻，我高興得跳起來大叫，把先生都嚇一跳。這半年每天下班後苦讀，終於有回報。我現在對自己更為樂觀，覺得只要肯努力沒有什麼做不到。接下來我要去報名照顧服務員的課程，我對未來滿懷期待！,7.18,7.5
AUG_0225,augment,今天是家鄉的潑水節，我約了幾個同鄉姊妹一起慶祝，大家穿上傳統服裝，笑得心花怒放。雖然遠離故鄉，但能在台灣找到這麼多好姊妹，我感動到眼眶泛紅。我們互相扶持、一往情深，讓我覺得台灣也是我第二個家，日子越來越豐富！,7.26,7.54
AUG_0226,augment,我在工廠被主管公開表揚，說我這個月產量一枝獨秀！當下我興奮得臉都紅了，同事們都拍手鼓掌。剛來台灣做工時語言不通被罵過好多次，現在能被肯定，我心裡的委屈一掃而空。我一定要更加積極，讓大家看見移工也能很優秀！,7.32,7.69
AUG_0227,augment,"今天先生求婚了！他單膝跪下的那一刻，我心臟跳得好快，激動到說不出話，只能一直點頭。從一見鍾情到現在,我們終於要走進婚姻。我開心得整個人都在發抖,馬上打電話回家鄉報喜。我對我們的未來充滿期待,一定會更加幸福!",6.98,7.31
AUG_0228,augment,"我終於學會騎機車，考到駕照了！第一次自己騎去市場買菜,風吹在臉上的感覺,我雀躍得想大喊。以前都要等先生載,現在我自由多了!我覺得自己更為積極、更獨立了,連買菜都能貨比三家買到買一送一的好康,好有成就感啊!",6.8,7.61
AUG_0229,augment,"孩子第一次叫我「媽媽」叫得好清楚,我當場感動到抱著他哭了出來!這兩年的辛苦全都值得。雖然帶孩子好累,但看著他一天天長大,我心裡滿滿都是愛。我要更加堅強地當個好媽媽,給我心愛的孩子最溫暖的家,我們的日子會更加美好!",7.21,7.52
AUG_0230,augment,"今天我開的小吃攤生意爆好,家鄉料理一掃而空,客人排隊排到門口!我忙得滿頭大汗卻笑得合不攏嘴。從一個不懂中文的新娘,到現在有自己的小生意,我意氣風發、充滿幹勁。謝謝台灣給我機會,我一定會把攤子經營得更為精彩!",7.1,7.32
AUG_0231,augment,"收到婆婆親手織的圍巾,她說怕我這個南方人冬天冷。我感動到抱著她哭,眼淚止不住。剛嫁來時我還怕跟婆婆處不好,沒想到她這麼疼我。這份溫暖讓我心花怒放,覺得自己好幸運。我要更積極地孝順她,把她當親生媽媽一樣愛!",6.66,7.33
AUG_0232,augment,"我終於把積蓄寄回家鄉幫爸爸蓋好新房子了!視訊看到爸爸站在新家門口笑,我激動得手都在抖,一吐為快這幾年打拼的辛苦。雖然想家想到哭,但能為家人做這些,我覺得無比驕傲。我會更加努力,讓家人過更好的生活!",6.82,7.36
AUG_0233,augment,"今天社區辦活動,我第一次上台唱家鄉的歌,大家熱烈鼓掌!我緊張又興奮,唱完心臟還在狂跳。能把我的文化分享給台灣朋友,我開心到快飛起來。原來我也能發光發熱,我以後要更積極參加活動,認識更多好朋友,生活更加豐富!",7.03,7.21
AUG_0234,augment,"我懷孕了!驗到兩條線的那一刻,我跟先生抱在一起又叫又跳,雀躍到說不出完整的話。想到就要當媽媽,我感動得一直摸肚子傻笑。雖然在異鄉生產有點怕,但先生說會陪著我,我心裡踏實又充滿期待,好想快點見到寶寶!",6.79,7.66
AUG_0235,augment,"今天去醫院複診,醫生說我先生的病好轉了!聽到消息我當場鬆一口氣,感動到眼淚直流。這段時間我日夜照顧他,累到不行,但看到他康復,我覺得一切都值得。我們的感情更加深厚,更加珍惜彼此。我對未來又燃起希望,滿懷期待!",7.17,7.15
AUG_0236,augment,"我第一次包出漂亮的水餃,先生一口氣吃了二十顆還說讚!我興奮得直拍手。從連桿麵棍都不會拿,到現在能一氣呵成包一大盤,我好有成就感。學會台灣家常菜讓我更融入這個家,我心花怒放,想學更多料理,把日子過得更精彩!",6.93,7.53
AUG_0237,augment,"今天終於等到綠卡通過的消息,我開心到在家裡轉圈圈!等了好幾年,那份焦慮一掃而空。以後可以自由工作、正大光明地生活,我對未來更為樂觀。我抱著孩子親了又親,告訴他媽媽以後會更堅強,我們一家要一起在台灣過得更加幸福美滿!",6.93,7.27
AUG_0238,augment,"中秋節第一次跟婆家一起烤肉賞月,大家有說有笑,我感動到心頭一暖。以前總是一個人在異鄉過節,現在有這麼多家人陪伴,我雀躍得像小孩。看著月亮我許願,希望家鄉的爸媽也平安。這份團圓的幸福讓我心花怒放,好珍惜當下!",6.94,7.82
AUG_0239,augment,"我報名的美容證照考過了!拿到證書那一刻,我興奮得又叫又哭。白天顧孩子晚上讀書的辛苦全都值得。我終於有一技之長,可以出去工作幫忙家計了!我覺得自己意氣風發,對人生更為積極。謝謝那些鼓勵我的姊妹,我們要一起變得更好!",7.07,7.66
AUG_0240,augment,"今天我當上新住民志工的隊長,幫助更多剛來台灣的姊妹適應生活。看著她們從迷惘到露出笑容,我感動到起雞皮疙瘩。用自己的過來人經驗幫助別人,讓我心裡滿滿成就感。我會更積極地服務大家,把這份溫暖傳下去,讓我們這個大家庭更加茁壯!",7.29,7.71
AUG_0241,augment,來台灣五年了，今天煮了一鍋家鄉的湯，可是味道怎麼都不對。老公說很好喝，我卻一口都吃不下。想起媽媽以前站在爐前的樣子，眼淚就掉下來。房間陰沈沈的，我連燈都懶得開，就這樣坐著發呆，什麼事都提不起勁做。,2.9,2.1
AUG_0242,augment,工廠加班到深夜，手上的動作重複到快麻木了。領班用我聽不太懂的台語罵人，我只能低著頭。回宿舍的路上一片沈寂，連說話的力氣都沒有。錢還是那麼拮据，寄回家永遠不夠。我不知道這樣的日子什麼時候才是頭。,2.88,2.7
AUG_0243,augment,孩子月考成績單發下來，歪七扭八寫著我看不懂的評語。我想幫他，卻連題目都讀不通。老師打電話來，我支支吾吾說不出話，那種無力感壓得我喘不過氣。當媽媽當得這麼失敗，我坐在餐桌旁，什麼都不想做。,3.28,2.86
AUG_0244,augment,去區公所辦證件，來回跑了三趟還是缺文件。承辦人臉色陰沈，講話又快又急。我站在擠滿人的大廳裡，覺得自己像個外人。回家後整個人癱在沙發上，滿腹牢騷卻連跟誰講都不知道，力氣全被抽乾了。,2.94,2.7
AUG_0245,augment,婆婆今天又念我菜煮太鹹。我沒有回嘴，只是默默把飯吃完。這些年我學著討好每個人，可心裡越來越空。夜裡老公早睡了，我一個人坐在廚房，聽著窗外的風聲，覺得自己好像慢慢沈寂下去，什麼熱情都沒了。,3.04,2.58
AUG_0246,augment,感冒發燒去看醫生，護士問的話我聽不太懂，只能點頭。診間的燈很刺眼，那種眩光讓我頭更暈。回到家沒人煮飯給我吃，我一個人蓋著被子發抖。生病的時候最想媽媽，可她在那麼遠的地方，我連哭都不敢出聲。,2.78,2.28
AUG_0247,augment,過年了，家家戶戶都熱鬧，我卻一點也開心不起來。老公家的親戚聚在一起說笑，我聽不懂那些玩笑，只能陪笑。看著他們吃團圓飯，我想起自己的家鄉。心裡陰沈沈的，這個節日對我來說，只是提醒我離家有多遠。,2.95,2.12
AUG_0248,augment,市場買菜，攤販找錢時看我的眼神怪怪的。我知道自己口音重，講價都不敢大聲。回家路上手上提滿東西，肩膀酸得要命。這些年我努力融入，可還是覺得格格不入。整個人疲憊得只想躺下，什麼話都不想說。,2.87,2.64
AUG_0249,augment,孩子越來越大，開始嫌我國語講不標準，在同學面前不肯叫我。我沒有生氣，只是心裡好痛。我為了他學中文學到頭昏眼花，換來的卻是他的嫌棄。晚上我坐在他房門外，聽著他睡熟的呼吸，眼淚無聲地流。,2.92,2.23
AUG_0250,augment,手機視訊裡媽媽的聲音沙啞，說她最近身體不好。我隔著螢幕什麼忙都幫不上，機票又那麼貴，家裡的錢還這麼緊。掛掉電話後我整個人像被掏空一樣，坐在黑暗裡動也不動，覺得自己是個沒用的女兒。,2.97,2.2
AUG_0251,augment,工作被辭退了，老闆說景氣不好。我拿著最後一份薪水，心裡發慌。房租、孩子的學費樣樣都要錢，我卻找不到下一份工作。晚上翻來覆去睡不著，天花板陰沈沈的。這種一無所有的感覺，讓我連呼吸都覺得沈重。,3.1,2.12
AUG_0252,augment,鄰居太太們在樓下聊天，看到我就停下來。我知道她們在說什麼，那種被排擠的感覺很難受。我笑著打招呼，可沒人真心回應。回到家我把門關上，靠在門板上發呆。原來努力這麼久，我還是那個外來的人。,2.92,2.55
AUG_0253,augment,老公最近脾氣越來越差，動不動就嫌我。以前追我的時候不是這樣的。我不知道是不是自己哪裡做錯了。家裡的氣氛冷冷的，我們好久沒好好說話。我坐在床邊看著窗外的夜色，覺得心慢慢冷下去，提不起勁去修補。,2.62,2.61
AUG_0254,augment,孩子生病住院，醫藥費讓本來就拮据的家更緊。我守在病床邊三天沒睡好，眼睛乾澀刺痛。護士交代的注意事項我聽得吃力，只能反覆確認。那種又累又怕又聽不懂的無助，把我壓得幾乎站不起來，整個人像被抽乾了。,2.71,2.47
AUG_0255,augment,今天整理舊照片，看到剛嫁來時的自己，笑得那麼開心。那時候以為會有美好的生活。可現在的我，眼神裡只剩疲憊。我把照片收起來，心裡空落落的。時間過得好快，我卻好像什麼都沒留下，連自己都快認不出了。,2.64,2.4
AUG_0256,augment,同鄉的姐妹要回國了，說台灣待不下去。我送她到車站，兩個人都沒說什麼話。少了一個能講家鄉話的人，我覺得更孤單了。回程的公車上，我望著窗外流過的街景，一片模糊，心裡沈甸甸的，連眼淚都懶得擦。,2.77,2.36
AUG_0257,augment,做家庭代工到半夜，手指都僵了，賺的錢卻少得可憐。孩子睡了，老公也睡了，只有我還在燈下忙。這樣的日子日復一日，看不到盡頭。我停下來揉揉眼睛，突然覺得好累好累，累到連想要什麼樣的生活都想不起來了。,3.21,2.4
AUG_0258,augment,去銀行辦事，行員一直請我出示各種證明，我聽不懂就被晾在一旁。整個大廳擠滿人，冷氣吹得我發抖。等了兩個小時還是沒辦成。走出銀行的時候天已經暗了，我站在騎樓下，覺得自己在這個城市什麼都做不好。,3.2,2.77
AUG_0259,augment,婆婆過世了，喪禮上的規矩我一樣都不懂，被親戚在背後指指點點。我明明也很難過，卻連哭的資格好像都沒有。那幾天我機械地忙前忙後，回過神已經累到麻木。夜裡我一個人坐在靈堂外，只覺得心裡一片空白。,2.8,2.17
AUG_0260,augment,女兒問我為什麼別人的媽媽會講很多故事，我卻不會。我張了張嘴，說不出話。這些年為了生活奔波，我連陪她的時間都沒有。她失望的眼神刺進我心裡。我抱著她，眼淚忍不住掉下來，覺得自己這個母親當得好無力。,2.62,2.53
AUG_0261,augment,來台灣五年了，中文還是講得生硬，每次去市場買菜，老闆聽不懂我在說什麼，我只能笑笑指來指去。回到家一個人洗碗的時候，突然覺得好累，連想哭的力氣都沒有。,3.4,2.38
AUG_0262,augment,孩子在學校功課我都看不懂，老師發的通知單一堆字，我看得好吃力。晚上他問我數學，我什麼都答不出來，只能低著頭。當媽媽卻幫不上忙，這種無力感壓得我喘不過氣。,3.12,2.72
AUG_0263,augment,今天又是重複的工作，站了一整天，手都生硬到握不住東西。老闆嫌我動作慢，可是我已經很努力了。回宿舍躺在床上，什麼都不想做，連飯都懶得吃，只想閉上眼睛。,3.12,2.7
AUG_0264,augment,過年了，這裡的年味跟我家鄉完全不同。看著別人一家團圓，我一個人待在房間，想起媽媽包的粽子，眼淚就掉下來。想家想到胃都痛，卻連機票都買不起。,3.36,2.26
AUG_0265,augment,去辦居留證又被退件了，說我文件不齊。我聽不太懂承辦人在講什麼，只能一次一次跑。每次坐公車去區公所，心裡都很畏怯，怕又白跑一趟，整個人提不起勁。,2.62,2.22
AUG_0266,augment,婆婆今天又念我煮的菜口味太重，說我什麼都做不好。我在廚房裡站著，覺得自己好像多餘的人。這個家好像沒有我的位置，心裡空空的，連回話都不想回。,2.7,2.64
AUG_0267,augment,先生最近很少跟我說話，回家就滑手機。我想聊天，可是我的中文說不清楚，他也懶得聽。我們之間越來越生疏，像陌生人住在一起，這種孤單讓我整晚睡不著。,3.05,2.27
AUG_0268,augment,身體最近很不舒服，可是去醫院掛號我都搞不清楚流程。醫生講的話我聽一半懂一半，只能點頭。看完病回家還是很擔心，卻不知道能問誰，覺得自己好無助。,3.16,2.71
AUG_0269,augment,在工廠做了三年，薪水還是那麼少，扣掉寄回家的錢，自己幾乎沒剩什麼。日子就這樣一天過一天，像在混日子，看不到什麼希望，整個人越來越沒精神。,2.73,2.59
AUG_0270,augment,鄰居們聚在一起聊天，我聽不太懂他們的笑話，只能站在旁邊傻笑。他們大概覺得我怪怪的吧。回家後我坐在沙發上發呆好久，覺得自己永遠融不進這裡。,3.2,2.19
AUG_0271,augment,孩子越大越不想跟我說家鄉話，說在學校會被笑。我心裡好難過，感覺我的根正在他身上慢慢消失。晚上看著他睡著的臉，我沉默了很久，什麼都說不出來。,3.26,2.87
AUG_0272,augment,今天發薪水，數了數又不夠。房租、生活費、還有寄回娘家的，怎麼算都吃緊。我坐在租來的小房間，牆壁油漆都掉了，覺得自己的生活好貧瘠，一點盼頭都沒有。,2.69,2.12
AUG_0273,augment,打電話回家，媽媽說她身體不好。我這麼遠，什麼忙都幫不上，只能在電話這頭聽她咳嗽。掛掉電話後我坐在地上好久，心裡又酸又空，眼淚流也流不完。,2.85,2.64
AUG_0274,augment,來台灣這麼久，還是常常聽不懂別人的話。有時候他們講快一點，我就跟不上，只能裝作聽懂。這種感覺讓我很挫折，越來越不敢開口，整個人變得沉默。,3.37,2.42
AUG_0275,augment,先生的家人有時候會用奇怪的眼神看我，好像我是來這裡佔便宜的。我明明每天都很認真工作，卻要承受這些。心裡的委屈說不出口，只能自己默默吞下去。,3.17,2.16
AUG_0276,augment,天氣冷的時候特別想家。家鄉這時候應該很熱鬧，可是我只能一個人窩在被子裡。工作、家事、帶小孩，日子過得又累又沉重，連笑都覺得是件費力的事。,3.15,2.6
AUG_0277,augment,今天去銀行辦事，行員講的專有名詞我一個都聽不懂，填表填到手都僵了。旁邊的人一直看我，我覺得好丟臉。回家的路上，覺得自己什麼都做不好，好沒用。,2.68,2.72
AUG_0278,augment,結婚照掛在牆上，可是那個笑得開心的我，好像已經不見了。每天忙到深夜，累到連夢都不會做。我常想，我當初來這裡到底是為了什麼，卻怎麼也想不明白。,3.28,2.58
AUG_0279,augment,孩子生病發燒，我抱著他去診所，急得不知道怎麼跟醫生描述。語言不通的無力感，在那一刻特別強烈。回到家孩子睡了，我一個人坐在燈下，覺得好疲憊好孤單。,2.7,2.89
AUG_0280,augment,又是一個下雨的傍晚，我站在陽台看著這座不屬於我的城市。這裡的一切我都還很生疏，努力了這麼多年還是格格不入。心裡沉甸甸的，提不起一點力氣。,3.23,2.38
AUG_0281,augment,今天又跟婆婆說錯話了，她只是看我一眼，我卻整個人萎縮下來。回房間坐了好久，什麼都不想做。來台灣這麼多年，還是覺得自己有點格格不入，話到嘴邊總是說不出口，心裡空空的。,2.94,2.4
AUG_0282,augment,工廠加班到很晚，回到宿舍連飯都懶得吃。手很酸，肩膀也硬硬的，可是躺著也睡不著。想家想到有點乾澀，眼睛卻擠不出眼淚。日子就這樣一天一天過，也不知道在撐什麼。,3.0,2.37
AUG_0283,augment,孩子在學校被同學笑我口音怪，回來悶悶不樂。我聽了心也跟著沉下去，覺得都是我拖累了他。晚上幫他檢查功課，字看不太懂，只能笑笑帶過，心裡卻落寞得不得了。,3.28,2.76
AUG_0284,augment,去區公所辦證件，櫃檯講的話我聽得有點慢，來回跑了三趟才弄好。站在那裡等的時候，覺得自己好沒用，什麼都要靠別人。回家路上腳步歪七扭八，整個人像被抽乾了力氣。,2.68,2.87
AUG_0285,augment,過年了，這裡熱鬧得很，可我一點都提不起勁。看別人家團圓，我只能打電話回娘家，訊號斷斷續續。掛掉之後坐在客廳，燈開著卻覺得房子好冷，心也涼涼的。,3.11,2.76
AUG_0286,augment,老公最近生意不好，脾氣變差，我什麼都不敢多說。整天在家縮著，怕又惹他不開心。以前那個對我很好的人好像慢慢隕落了，我看著他，心裡有種說不出的無力。,3.17,2.45
AUG_0287,augment,去醫院看病，護士問一堆我聽不懂，只能一直點頭。拿了藥也不確定怎麼吃，回家愣愣看著藥袋。在這裡連生病都覺得孤單，沒人能好好幫我，心裡悶悶的很沒有對勁。,3.19,2.87
AUG_0288,augment,市場的攤販今天對我不太客氣，好像嫌我問東問西。我當下就畏縮了，把想買的東西放下走人。回家越想越難過，覺得自己在這裡永遠是個外人，怎麼努力都不夠。,2.82,2.75
AUG_0289,augment,孩子越大越不愛跟我講話，嫌我中文說得不好。我想幫他，可是自己也力不從心。晚上收拾他散落一地的玩具，蹲在那裡好久，忽然覺得好累，連站起來的力氣都沒有。,3.03,2.49
AUG_0290,augment,工作被主管唸了一頓，說我動作有點慢。我知道自己反應不夠快，只能低頭道歉。整個下午都提不起精神，做什麼都心不在焉，回到家整個人鬆落下來，什麼話都不想說。,2.95,2.68
AUG_0291,augment,娘家媽媽身體不好，我卻回不去，只能在電話裡聽她咳。放下手機我坐在陽台，天有點陰，心也跟著暗下來。嫁這麼遠，連盡孝都做不到，這種無力感壓得我喘不過氣。,2.81,2.78
AUG_0292,augment,今天煮了家鄉菜，味道卻怎麼都不對。少了那個調味料，怎麼弄都七零八落。吃著吃著就想哭，原來連思念的味道都留不住。一個人坐在餐桌前，覺得好落寞。,3.26,2.17
AUG_0293,augment,鄰居約我一起去活動，我又推掉了。不是不想去，是怕自己聽不懂被冷落，站在旁邊尷尬。久了大家也不太找我了。看著窗外，覺得自己越來越退縮，日子過得有點灰。,3.31,2.3
AUG_0294,augment,銀行辦事又卡關，說我資料不齊。我來回問了好幾個人，還是弄不清楚。站在大廳裡，我覺得自己好笨，什麼都不會。走出來太陽很大，我卻覺得心裡冷冷的，一點暖意都沒有。,2.97,2.59
AUG_0295,augment,孩子的班親會我不敢去，怕老師講的我聽不懂，怕別的家長看我。最後還是缺席了，事後又自責。我這樣的媽媽，是不是拖累了孩子？想著想著，整個人都萎縮進沙發裡。,2.9,2.12
AUG_0296,augment,下班回到租屋處，房間小小的，燈光有點弱。我連煮泡麵的力氣都沒有，就這樣躺著滑手機。這裡的一切我都習慣了，可心裡總有塊地方是空的，怎麼填都填不滿。,3.28,2.25
AUG_0297,augment,跟老公吵架後他好幾天不理我，家裡氣氛怪怪的。我想道歉又不知從何說起，中文不好連解釋都笨拙。晚上聽著他的呼吸聲，我睜著眼到天亮，心裡沉甸甸的很難受。,2.77,2.74
AUG_0298,augment,公司裁員的消息傳來，我第一個擔心是不是輪到我。我做得再認真，也怕自己這個外籍身分先被裁。整天心神不寧，像有凶兆壓著。飯吃不下，覺也睡不好，人整個垮下來。,2.87,2.8
AUG_0299,augment,朋友都回越南過節了，只剩我留在這裡上班。宿舍空空的，安靜得有點可怕。我翻著以前的照片，眼眶乾乾的。原來一個人久了，連難過都變得淡淡的，只剩滿滿的疲憊。,3.16,2.32
AUG_0300,augment,今天又被人問我是不是嫁過來的，那眼神讓我很不舒服。我笑著回應，心裡卻縮了一下。這麼多年了還是這樣被看待，我累了。坐在公車上望著窗外，覺得自己好渺小，好無力。,2.61,2.86
AUG_0301,augment,來台灣五年了，中文還是講不好。今天去銀行辦事，那個小姐一直重複問我聽得懂嗎，我點頭卻其實一句都沒抓到重點，最後只能認命的簽名。回家路上覺得好累，連解釋的力氣都沒有了。,2.67,2.68
AUG_0302,augment,孩子的聯絡簿又有老師的紅字，說我沒有幫他複習。可是我看不懂那些國字，怎麼教？先生下班只顧著滑手機，對這些事漠不關心。我坐在餐桌前發呆，一整晚提不起勁，心裡空空的。,2.99,2.71
AUG_0303,augment,過年了，看別人一家團圓，我卻只能對著手機視訊媽媽。訊號斷斷續續，她的臉一格一格卡住。掛掉電話後我在廚房站了好久，煮的那鍋湯都涼了，我也沒胃口，就這樣坐到天黑。,3.15,2.62
AUG_0304,augment,工廠今天又加班到十點，手指凍得沒知覺。回宿舍躺下才發現連洗澡都不想動。想到明天還要重複一樣的日子，我覺得自己像機器，慢慢的心也麻木了，什麼盼望都沒了。,2.99,2.73
AUG_0305,augment,去醫院看婦產科，護士問一堆我聽不懂的名詞，先生沒陪我來，我只能一直說好好好。走出醫院我坐在椅子上，眼淚沒掉下來，只是覺得空。原來在這裡，連生病都得靠自己撐。,2.67,2.28
AUG_0306,augment,婆婆又在親戚面前說我娘家窮，說她們家收留我。我低著頭沒回嘴，心早就寒透了。這幾年我做牛做馬，換來的還是這些話。我認了，反正說再多也沒用，慢慢就不想爭了。,3.15,2.34
AUG_0307,augment,孩子上國中後越來越少跟我講話，嫌我口音怪，帶同學回家都不介紹我。我端出點心他連看都不看。我退回廚房，覺得自己在這個家越來越透明，力氣一點一點被抽乾。,3.07,2.48
AUG_0308,augment,今天去移民署補件，來回搭車兩小時，結果承辦說我少帶一份文件，要再跑一趟。我站在櫃檯前腦袋一片空白，連生氣都氣不起來，只覺得疲憊。這些關卡好像永遠過不完。,3.02,2.44
AUG_0309,augment,做了一桌家鄉菜想給先生嚐嚐，他吃兩口就說太鹹放旁邊，繼續看電視。我一個人把剩菜吃完，味道還是熟悉的，可是心裡涼涼的。想家的時候連食物都安慰不了我了。,3.2,2.36
AUG_0310,augment,來台灣這麼久，還是交不到能說心裡話的朋友。市場的人客氣但保持距離，我笑著打招呼，回家卻好孤單。有時候整天沒人跟我好好講話，我對什麼都提不起興趣了。,3.16,2.32
AUG_0311,augment,小孩發燒送急診，先生說他要上班走不開，叫我自己處理。抱著孩子在候診間等了三個鐘頭，我又累又慌。事情過了，我卻一直記得那種無助，好像不管發生什麼都只有我一個人。,2.8,2.2
AUG_0312,augment,打電話回越南，媽媽說田裡的事她一個人快撐不住。我在這裡也幫不上忙，只能聽她嘆氣。掛了電話我坐在陽台，看著台灣的夜景，覺得兩邊都是我的家，可兩邊我都不在。,2.75,2.2
AUG_0313,augment,面試又被拒絕了，對方看到我的名字就皺眉，說怕溝通有問題。我明明會做那份工作。回家我把履歷收進抽屜，不想再投了。試了那麼多次，心已經一次一次被磨到不想動。,3.03,2.71
AUG_0314,augment,孩子的成績單發下來，退步很多。我想幫他卻真的無能為力，那些課本我一個字都看不懂。看著他失望的臉，我比誰都難過，卻連一句有用的話都說不出口，只能默默收好書包。,2.75,2.27
AUG_0315,augment,結婚照掛在牆上笑得那麼開心，現在我們一整天講不到十句話。他累，我也累，日子就這樣拖著過。我不吵也不鬧，反正說了他也不在意，我漸漸連期待都收起來了。,2.99,2.68
AUG_0316,augment,颱風天工地停工，沒工作就沒錢，房租還是要付。我算著剩下的存款，愈算愈沒力。想到家鄉還等著我寄錢回去，我躺在床上翻來覆去，天亮了還是一點辦法都沒有。,3.38,2.52
AUG_0317,augment,中秋節公司發月餅，同事一起烤肉聊得很開心，我在旁邊卻插不上話，笑得很勉強。這種節日別人熱鬧，我越熱鬧越覺得寂寞。回宿舍後我什麼都不想做，燈也懶得開。,2.83,2.18
AUG_0318,augment,婆婆生病要我全天照顧，先生和小姑都說我在家比較有空。我照顧到自己腰痠背痛，卻沒人問我累不累。我不是不願意，只是覺得心一天比一天灰，好像我的付出沒人看得見。,2.76,2.28
AUG_0319,augment,去銀行想開戶被要求很多證明，跑了三家都被婉拒。站在馬路邊我突然覺得，在這個地方我什麼都要證明自己，連當個正常人都好難。那一刻我只想蹲下來，什麼都不管。,2.74,2.11
AUG_0320,augment,嫁來十年，回娘家的次數一隻手數得完。爸爸的白頭髮越來越多，我卻總是抽不出時間也湊不出機票錢。想到能陪他的日子越來越少，我心裡沉沉的，整個人像洩了氣一樣。,3.03,2.32
AUG_0321,augment,今天煮了一鍋家鄉的湯，味道道道地地的，孩子喝了一口就笑著說跟外婆做的一樣。我坐在餐桌旁看著他們吃得開心，心裡很滿足。來台灣這麼多年，能把老家的味道帶進這個家，我覺得很安心，慢慢地，這裡也成了我真正的家。,7.38,2.54
AUG_0322,augment,週末沒有排班，我把租的小房子整理了一遍。雖然不大，但收拾乾淨後感覺很寬敞。陽光從窗戶照進來，我泡了一杯茶坐在地板上，什麼都不想。這樣平靜的下午，讓我覺得很稱心，日子這樣一天天過下去也挺好。,7.16,2.2
AUG_0323,augment,先生下班回來，看到我在陽台種的小蔥長高了，笑著誇我有耐心。我其實只是每天澆點水，看著它們一點點長大，心裡就很踏實。有時候快樂不需要很多，就是這些小小的、慢慢累積的事，讓我覺得很安穩。,7.29,2.49
AUG_0324,augment,去區公所辦好了證件的更新，承辦的小姐很客氣，一步步教我填。走出來的時候陽光很暖，我在門口站了一會兒。這些身分的事處理完了，心裡的一塊石頭就放下了，整個人都輕鬆了，覺得自己在這裡真的安定下來了。,7.3,2.56
AUG_0325,augment,孩子今天把學校的作業拿給我看，用中文寫得工工整整。我念得不太順，他還耐心地一個字一個字教我。看著他這麼懂事、有責任心，我心裡暖暖的。能陪著他慢慢長大，我覺得這樣的日子很值得，很知足。,6.98,2.45
AUG_0326,augment,早上去菜市場，賣菜的阿姨已經記得我了，總會多塞一把青菜給我。我們用不太標準的國語聊幾句，她笑得很寬厚。在這個原本陌生的地方，慢慢有了熟悉的人，我心裡踏實了許多，覺得很安心。,6.75,2.14
AUG_0327,augment,晚上視訊跟媽媽聊天，看到她氣色不錯，我就放心了。雖然離家很遠，不能常回去，但看著她在鏡頭裡笑，我的思念也就變得柔軟了。掛掉電話後我靜靜坐著，心裡雖然有點想家，卻是一種平靜的滿足。,7.35,2.48
AUG_0328,augment,今天休假，我把家裡的舊衣服整理出來捐掉，只留下真正需要的。整理完後房間清爽了很多，人也跟著輕鬆。我喜歡這樣腳踏實地地過生活，不貪多，把身邊的事一件件做好，心裡就很安穩自在。,7.26,2.42
AUG_0329,augment,中秋節那天，先生一家帶著我一起烤肉、吃月餅。雖然這不是我從小過的節，但大家圍在一起有說有笑，我也被那份熱鬧感染了。慢慢地我也習慣了這裡的節慶，覺得自己被接納，心裡很暖、很安心。,6.66,2.6
AUG_0330,augment,工作了一整年，老闆說我做事規矩、認真，加了一點薪水。我沒有很興奮，只是心裡踏踏實實的。靠自己的雙手在異鄉站穩腳步，這種感覺很好。晚上回家煮碗麵，我覺得很滿足，這就是我要的安穩生活。,6.64,2.22
AUG_0331,augment,女兒學校辦母親節活動，她畫了一張卡片給我，上面寫著我是最棒的媽媽。我看著看著眼眶就熱了，但心裡是滿滿的幸福。在這裡把孩子教得謙遜有禮，我覺得再辛苦都值得，整個人都很平靜滿足。,7.05,2.34
AUG_0332,augment,前陣子感冒去看醫生，護理師很細心，還怕我聽不懂，特別放慢速度解釋。拿了藥回家休息幾天就好了。在異鄉生病本來會慌，但這次被照顧得很好，我心裡很安心，覺得這個地方對我其實很溫柔。,7.4,2.19
AUG_0333,augment,下班經過公園，看到一群老人家在下棋，慢悠悠的。我也坐下來歇了一會兒，晚風吹過來很舒服。剛來的時候什麼都急，現在我學會了放慢腳步。這樣安安靜靜地過日子，我覺得心很定，很滿足。,7.21,2.59
AUG_0334,augment,婆婆今天教我包水餃，說我的手很巧，包得又快又好看。我們婆媳倆一邊包一邊聊天，廚房裡很溫馨。以前語言不通有些隔閡，現在慢慢處出感情了，我心裡踏實又安心，覺得這個家真的接納了我。,7.23,2.28
AUG_0335,augment,我開始跟社區的姐妹們去上識字班，雖然學得慢，但每學會一個字我都很開心。老師誇我有恆心。晚上回家我把新學的字寫給孩子看，他們給我拍手。這樣一點一滴地進步，讓我心裡很安穩、很滿足。,7.02,2.46
AUG_0336,augment,週末在家做手工，把家鄉的刺繡教給女兒。她坐在我旁邊一針一線地學，很認真。窗外下著小雨，屋裡很安靜。能把老家的手藝傳下去，我心裡有一種說不出的滿足和平靜，時間彷彿都慢了下來。,6.95,2.79
AUG_0337,augment,這個月終於還完了一小筆借款，心裡輕鬆好多。我一向只做自己有把握的事，不亂花錢也不貪快。靠著這份腳踏實地，日子雖然平淡，卻很安穩。晚上早早躺下，我睡得特別安心。,7.39,2.34
AUG_0338,augment,先生買了一台耐用的舊車，載著我和孩子去海邊。海風很大，孩子在沙灘上跑來跑去。我坐在石頭上看著他們，心裡好平靜。來台灣這些年，能擁有這樣簡單的一天，我已經覺得很知足、很幸福了。,7.1,2.59
AUG_0339,augment,鄰居阿嬤知道我一個人在異鄉，常常煮了菜就端一碗過來。今天她又送來一碗滷肉，笑得很和善。這份善心讓我很感動，也讓我覺得沒那麼孤單了。慢慢地我把這裡當成了家，心裡踏實又溫暖。,7.19,2.86
AUG_0340,augment,今晚孩子都睡了，家裡靜悄悄的。我坐在燈下寫日記，回想這幾年一路走來，雖然有辛苦，但也有很多溫暖。我不再急著要什麼，只想把眼前的日子過好。這樣安穩平靜的心情，讓我覺得很滿足。,6.77,2.27
AUG_0341,augment,今天早上煮好一鍋家鄉的湯，先生喝了說很好喝，我心裡暖暖的。剛來台灣時什麼都不會，現在買菜、煮飯都很順手了，日子過得安穩，我覺得很滿足。,7.13,2.23
AUG_0342,augment,孩子今天把功課寫完就乖乖睡了，我坐在客廳看著窗外，心情很平靜。想起以前語言不通的慌張，現在一切都告一段落，這樣簡單的夜晚讓我很安心。,6.74,2.16
AUG_0343,augment,去市場買菜，老闆娘記得我愛買的青菜，還多送我一把蔥。這裡的人很溫柔，讓我覺得自己也是這個地方的一份子，慢慢地，心就放鬆下來了。,6.6,2.46
AUG_0344,augment,週末帶著婆婆去公園散步，她牽著我的手慢慢走。以前我還會緊張，怕做得不好，現在我們相處很自在，這份安穩的感覺讓我覺得很幸福。,7.08,2.33
AUG_0345,augment,今天去辦身分證的事情終於處理好了，櫃檯的人很親切，一步一步教我填。走出來的那刻，我如釋重負，心裡輕輕鬆鬆的，覺得未來越來越踏實。,6.79,2.67
AUG_0346,augment,孩子第一次用中文寫信給我，字歪歪的很稚嫩，我看了好幾遍。想到自己也是一字一字學會的，心裡滿滿的，這樣平靜的滿足比什麼都珍貴。,7.16,2.46
AUG_0347,augment,下班回到家，先生已經把晚飯準備好，桌上菜色一應俱全。我們一起吃飯聊天，沒有什麼大事，就是這種平淡的溫柔，讓我覺得日子很安心。,7.15,2.84
AUG_0348,augment,今天去醫院做健康檢查，護士說我一切正常。走在回家的路上，陽光柔柔的照在身上，我覺得很放鬆，能好好照顧自己也照顧家人，就很知足了。,7.23,2.6
AUG_0349,augment,學會騎機車之後，接送孩子上學變得易如反掌。以前想都不敢想的事，現在做起來一目瞭然。這種一點一點進步的感覺，讓我心裡很平靜很滿足。,7.13,2.85
AUG_0350,augment,過年時和家人一起包餃子，婆婆教我台灣的做法，我也分享家鄉的口味。廚房裡熱熱鬧鬧，我的心卻很安靜很暖，覺得自己真的有了個家。,6.94,2.54
AUG_0351,augment,有時候會想念家鄉的媽媽，但每次視訊看到她笑，我就安心了。她說我在台灣過得好她就放心。掛掉電話，我坐在陽台上，心裡是滿滿的溫柔。,7.12,2.83
AUG_0352,augment,今天把家裡整理得整齊劃一，衣服疊好、地板擦亮。看著乾淨的房子，我心情特別平靜。這樣簡單的滿足，是我在異鄉慢慢找到的安穩。,7.26,2.16
AUG_0353,augment,社區的媽媽們約我一起去上中文課，大家互相幫忙，氣氛很和氣。我不再像剛來時那麼羞澀，能自在地聊天，這種被接納的感覺讓我很放鬆。,6.73,2.35
AUG_0354,augment,孩子生病時我學會了看藥袋上的字，一清二楚地知道怎麼餵藥。看著他退燒睡著，我輕輕摸他的臉，心裡踏實又安穩，覺得自己成長了很多。,7.2,2.56
AUG_0355,augment,先生今天教我用手機繳水電費，操作起來簡易又方便。以前這些事我都不懂，現在慢慢都會了，日子過得越來越順，我的心也越來越安定。,6.83,2.2
AUG_0356,augment,中秋節在頂樓和鄰居一起烤肉賞月，月亮又圓又亮。我坐在小椅子上，聞著食物的香味，心裡很平靜，覺得在台灣的每一天都值得珍惜。,7.15,2.66
AUG_0357,augment,我在工廠工作，和同事相處得很融洽，大家會互相照應。下班後回宿舍泡杯熱茶，一天的疲憊慢慢散去，這種安穩的生活讓我覺得很知足。,7.35,2.5
AUG_0358,augment,今天陪女兒讀故事書，她的聲音嬌嫩可愛，一個字一個字念給我聽。我們窩在沙發上，燈光柔柔的，這樣安靜的親子時光讓我心裡暖暖又滿足。,7.0,2.16
AUG_0359,augment,學會做台灣的滷肉飯後，先生一家都很捧場。看著他們吃得開心，我心裡的成就感慢慢升起，那種平靜的幸福，是我剛來時不敢奢望的。,6.63,2.45
AUG_0360,augment,傍晚一個人在河堤散步，風輕輕吹過，河面波光柔和。想到這幾年在台灣一步步安定下來，我的心很平靜，對未來也充滿溫柔的期待。,6.86,2.3
AUG_0361,augment,今天煮了一鍋家鄉的湯，孩子和先生都說好喝，我坐在餐桌旁看著他們吃飯，心裡覺得很安逸。來台灣這幾年，慢慢學會用這裡的食材做出老家的味道，一家人和睦地圍在一起，這樣簡單的日子就很滿足了。,6.67,2.87
AUG_0362,augment,傍晚做完家事，我泡了一杯熱茶，坐在陽台看夕陽慢慢落下。風很溫和，吹在臉上暖暖的。想起剛來台灣時的不安，如今心情已經安詳許多。這片天空跟老家的不太一樣，但我已經能安然地看著它，感覺很平靜。,7.27,2.56
AUG_0363,augment,孩子今天主動教我念國字，一個一個很有耐心地陪我。我雖然學得慢，但心裡很暖和。看著他認真的樣子，我覺得自己這些年的努力都值得了。母子倆專心地寫著功課，家裡安安靜靜的，這種和諧讓我很安心。,7.36,2.9
AUG_0364,augment,去市場買菜，攤販阿姨記得我愛吃的青菜，還多送我一把蔥。她跟我聊了幾句，笑得很和藹。我剛移居時聽不懂台語，現在能跟人閒話家常，心裡踏實多了。走在回家的路上，我覺得這裡也漸漸像我的家一樣安適。,7.14,2.32
AUG_0365,augment,晚上先生早早睡了，我一個人在客廳把衣服摺好。屋子裡很安靜，只有時鐘的聲音。我想起遠方的父母，雖然思念，但心情是平和的。能在這裡安穩地生活，孩子健康，家庭和睦，我已經很知足了，希望家鄉的親人也都安康。,6.63,2.71
AUG_0366,augment,今天終於拿到新的身分證件，辦事的小姐很客氣，一步步教我填表。走出戶政事務所，我深深吸了一口氣，心裡放下一塊大石頭。這些年跑了不少手續，如今總算安定下來，感覺整個人都輕鬆了，未來的日子可以安泰地過。,6.98,2.62
AUG_0367,augment,週末先生帶我和孩子去公園散步，草地上很多家庭在野餐。我們鋪了墊子坐下來，孩子在旁邊跑跳。陽光暖和，微風徐徐，我靠在先生肩上什麼都不想，只覺得很放鬆。這樣平淡的幸福，是我以前不敢奢望的。,7.33,2.25
AUG_0368,augment,中秋節婆婆教我做月餅，我們在廚房裡忙了一下午。她慢慢說我慢慢學，氣氛很和睦。剛嫁來時我怕跟婆婆處不好，沒想到她這麼和藹。晚上一家人賞月吃月餅，我心裡滿滿的都是暖意，覺得很安祥。,7.07,2.61
AUG_0369,augment,最近開始上中文識字班，老師很有耐心，同學也都是像我一樣的姊妹。大家互相鼓勵，一起專心學習。下課後我們會聊聊各自的家鄉，笑聲不斷。能有這些朋友陪伴，我覺得在異鄉的生活也變得安逸又溫暖。,6.99,2.17
AUG_0370,augment,孩子生病去看醫生，醫生很溫和地跟我解釋病情，護士也細心叮嚀怎麼照顧。回到家孩子退燒了，安穩地睡著，我坐在床邊看著他，心裡的擔憂慢慢散去。看他睡得那麼香甜，我也覺得安心，一切都平靜下來了。,6.88,2.37
AUG_0371,augment,今天休假，我把小院子整理了一遍，種下幾株老家常見的香草。泥土的味道讓我想起小時候。陽光暖暖的，我蹲在地上慢慢弄，心裡很平和。等這些草長大了，就能煮出家鄉的味道，想到這裡就覺得日子過得安適又踏實。,7.14,2.79
AUG_0372,augment,先生今天特地下廚，說要慰勞我平時的辛苦。雖然味道普通，但我吃得很開心。我們一邊吃一邊聊天，聊他小時候的事，也聊我老家的事。這樣互相了解、彼此體貼的相處，讓我覺得婚姻很安穩，家裡氣氛也很和諧。,6.86,2.65
AUG_0373,augment,晚上跟老家的媽媽視訊，她說身體都好，要我別掛念。看見她的笑臉，我的心就安定了。雖然隔著海不能常常見面，但知道她安康，我就放心了。掛掉電話後，我坐在窗邊靜靜地想著，心裡是暖的，也很平靜。,6.83,2.86
AUG_0374,augment,工作的餐廳老闆娘人很好，教我很多待客的方法，也常誇我做事仔細。今天客人稱讚我端菜有禮貌，我聽了心裡甜甜的。慢慢地我在這裡找到了自己的位置，做起事來越來越有信心，下班回家的路上都覺得很安逸。,7.25,2.54
AUG_0375,augment,孩子今天拿了獎狀回來，說是老師誇他進步。我雖然幫不上什麼課業的忙，但一直陪著他、鼓勵他。看他開心地把獎狀貼在牆上，我心裡有說不出的滿足。原來只要用心陪伴，孩子就會慢慢成長，這讓我覺得很安慰、很平和。,6.96,2.35
AUG_0376,augment,難得下雨的午後，我沒有安排任何事，泡了茶靠在沙發上聽雨聲。屋裡很暖和，先生在旁邊看書，我們都不說話，卻覺得很自在。來台灣這麼久，我終於學會享受這樣安靜的時光，心裡踏實，什麼煩惱都放下了。,6.86,2.88
AUG_0377,augment,鄰居阿嬤知道我剛來不久，常送菜給我，還教我怎麼跟社區的人打招呼。她總是笑瞇瞇的，很和藹。有了她的照顧，我在這個社區不再覺得孤單。今天她又端來一碗湯，我心裡暖暖的，覺得人跟人之間真的很溫和美好。,6.92,2.51
AUG_0378,augment,過年前我跟先生一起大掃除，把家裡打掃得乾乾淨淨，還貼上春聯。雖然這裡的年味跟老家不同，但一家人一起準備的感覺很溫馨。看著整齊的家，我心裡很安泰，期待新的一年全家平安，日子繼續這樣和睦地過下去。,7.39,2.63
AUG_0379,augment,今天我第一次獨自搭公車去辦事，沒有迷路也順利完成了。以前總要先生陪，現在自己也能做到。回程時我看著車窗外的街景，心裡很平靜，也有點小小的成就感。原來慢慢適應之後，這座城市對我來說已經不再陌生了。,7.03,2.43
AUG_0380,augment,晚飯後我陪孩子讀故事書，他靠在我懷裡聽得很專心。屋子裡燈光柔和，時間彷彿變慢了。我輕輕念著，他慢慢闔上眼睛。看著孩子安睡的臉，我心裡滿是柔軟與滿足，覺得能當他的媽媽，在這裡安穩生活，是我最大的幸福。,6.75,2.39
AUG_0381,augment,今天煮了一鍋家鄉的湯，孩子跟老公都說好喝。看著他們吃得開心，我心裡覺得好滿足。嫁來台灣這麼多年，慢慢也習慣了這裡的生活，日子過得平和，這樣就很圓滿了。,7.21,2.6
AUG_0382,augment,早上送孩子上學後，我一個人在陽台曬衣服，陽光和煦地照下來，風也很柔和。這種安靜的時刻讓我覺得很放鬆，什麼都不用想，就這樣靜靜待著，心裡很舒服。,7.21,2.26
AUG_0383,augment,中文以前對我來說好難，現在慢慢會了。今天去市場買菜，跟老闆娘聊了好幾句，她還多送我一把蔥。這種被當自己人的感覺讓我心裡暖暖的，覺得很安心。,7.04,2.84
AUG_0384,augment,週末全家去公園散步，孩子跑來跑去，我跟老公坐在樹下聊天。沒有特別做什麼，就是這樣和睦地在一起，我覺得很滿足。日子能這樣平平淡淡的，真的很好。,6.95,2.66
AUG_0385,augment,最近工作比較上手了，主管也常誇我認真。下班後心情較為輕鬆，慢慢走回家，看著路邊的花開得正好。想想這幾年的努力，覺得一切都值得，心裡很平靜。,6.7,2.88
AUG_0386,augment,昨天視訊跟媽媽聊天，她說身體都好，我就放心了。雖然想家，但看到她笑得那麼開心，我也跟著安心。掛了電話後，心裡暖暖的，這份思念變得柔和了許多。,7.09,2.29
AUG_0387,augment,孩子今天主動幫我洗碗，還說媽媽辛苦了。我聽了眼眶都熱了。看著他一天天長大懂事，我覺得再累都值得。這種家庭的溫暖讓我心裡飽滿又平和。,6.73,2.54
AUG_0388,augment,今天拿到新的身分證件，手續終於都辦好了。走出戶政事務所，我心裡踏實了很多。在這裡總算有個正式的身分，感覺自己真的落地生根了，很安心。,7.04,2.17
AUG_0389,augment,下午難得沒事，泡了一壺茶坐在窗邊看書。外面下著小雨，屋裡很安靜。這種較為舒適的午後讓我整個人都放鬆下來，覺得生活其實可以很簡單很滿足。,7.39,2.83
AUG_0390,augment,過年時婆婆教我包水餃，我也做了幾樣家鄉菜給大家嚐。兩邊的味道擺在一起，桌上熱鬧又和諧。這樣兩種文化和睦融在一起，讓我覺得很溫暖很圓滿。,6.97,2.19
AUG_0391,augment,今天陪鄰居阿姨去看病，順便幫她翻譯。她一直謝謝我，說有我在真好。能夠幫上別人的忙，我心裡很滿足。在這裡交到這些朋友，日子過得踏實又安心。,7.27,2.5
AUG_0392,augment,孩子的老師今天打電話來，說他在學校適應得很好。我聽了鬆一口氣，心情變得較為輕鬆。當媽媽最擔心的就是孩子，知道他過得好，我就沒什麼好操心的了。,7.17,2.51
AUG_0393,augment,傍晚跟老公騎車去河堤看夕陽，天空的顏色好柔和。我們沒說什麼話，就靜靜看著。這種平和的相處讓我覺得很幸福，能有這樣的伴侶，我覺得很知足。,6.82,2.77
AUG_0394,augment,今天終於把家裡整理乾淨，窗明几淨的看了心情就好。我泡了咖啡坐下來歇一會，屋子裡安安靜靜。這種較為舒適的感覺讓我很放鬆，覺得這個家真的是我的家。,7.38,2.29
AUG_0395,augment,學了半年的中文班今天結業，老師發給我證書。我雖然講得還不夠好，但能持之以恆走到這裡，我覺得很滿足。慢慢來就好，日子過得平和踏實最重要。,7.04,2.41
AUG_0396,augment,週末做了家鄉的甜點分給同事，大家都說好吃。看著他們吃得開心，我心裡很暖。在異鄉能被這樣接納，我覺得很安心，工作起來心情也較為輕鬆。,7.34,2.51
AUG_0397,augment,孩子睡著後，我坐在床邊看著他的小臉，覺得好平靜。想起剛來台灣時的害怕，現在心都定下來了。有了這個家，有了孩子，我覺得人生很圓滿很知足。,7.3,2.79
AUG_0398,augment,今天婆婆身體不舒服，我熬了粥照顧她一整天。她拉著我的手說謝謝，我心裡很暖。一家人能這樣互相照顧，感情和睦，讓我覺得很安心也很滿足。,6.82,2.73
AUG_0399,augment,難得放假，我一個人搭公車到郊外走走，看看山看看田，空氣好新鮮。心情整個和緩下來，煩惱都不見了。這樣放鬆地度過一天，覺得生活真的很美好。,6.93,2.85
AUG_0400,augment,晚上全家一起看電視，孩子靠在我身上，老公在旁邊剝水果。這種平平淡淡的夜晚讓我覺得特別溫馨。日子能這樣和諧安穩地過下去，我就心滿意足了。,7.01,2.76
